CIK,Name,Filing Date,Filing Year,Total asset check,Account receivable,Accumulated depreciation and amortization,Cash and cash equivalents,Cash and securities segregated for benefit of customers,Deferred tax asset,Deposits with clearing organizations,Due from customer and counterparties,Due from employees,Due from parent and affiliates,Exchange memberships,"Financial instruments owned, at fair value",Fixed assets,"Goodwill, net amortization",Other assets,Other receivables,Prepaid expenses and other assets,"Property, plant and equipment",Receivable from broker-dealers,Receivables from customers and counterparties,Reverse Repurchase Agreements (reverse-repo),Securities received as collateral,Total assets,U.S. government and government agency
1146184,CITADEL SECURITIES LLC ,2004-03-01,2003,Total asset found & match,,,41085221.0,,,,,,,9000000.0,,,,1307552144.0,1158454.0,,,628218696.0,621713.0,,,1987636228.0,
1146184,CITADEL SECURITIES LLC ,2006-03-01,2005,Total asset found & match,,,323873944.0,,,,,,,36578600.0,,,,5171070099.0,8366594.0,,,229726231.0,,,,5769615468.0,
1146184,CITADEL SECURITIES LLC ,2007-02-26,2006,Total asset found & match,,,74189000.0,,,,,,,39549000.0,5224232000.0,,,4413000.0,40620000.0,,,28144000.0,,280116000.0,,5691263000.0,
1146184,CITADEL SECURITIES LLC ,2008-02-29,2007,Total asset found & match,,,59144000.0,,,,,,,45602000.0,5263591000.0,,,15127000.0,31432000.0,,,1065548000.0,,282037000.0,,6762481000.0,
1146184,CITADEL SECURITIES LLC ,2009-03-02,2008,Total asset found & match,,,400517000.0,,,,,,,56478000.0,6594092000.0,,,5226767000.0,15141000.0,,,249033000.0,,449530000.0,,12991558000.0,
1146184,CITADEL SECURITIES LLC ,2012-02-28,2011,Total asset found & match,,,410574000.0,,,,,,,,5940930000.0,,,19167433000.0,26785000.0,,,135367000.0,5268000.0,7559669000.0,,33246026000.0,
1146184,CITADEL SECURITIES LLC ,2015-02-25,2014,Total asset found & match,,,346992000.0,,,,,,,,9509844000.0,,,27384964000.0,35624000.0,,,141380000.0,6876000.0,8033169000.0,,45458849000.0,
1146184,CITADEL SECURITIES LLC ,2016-02-24,2015,Total asset found & match,,,481269000.0,,,,,,,,5988055000.0,,,961302000.0,31047000.0,,,1382366000.0,,9593000.0,,8853632000.0,
1146184,CITADEL SECURITIES LLC ,2017-02-24,2016,Total asset found & match,,,449462000.0,,,,,,,,9281251000.0,,,1399083000.0,40476000.0,,,932263000.0,,7749000.0,,12110284000.0,
1146184,CITADEL SECURITIES LLC ,2019-02-28,2018,Total asset found & match,,,617000000.0,,,,,,,,30259000000.0,,,1896000000.0,73000000.0,,,1149000000.0,,938000000.0,,34932000000.0,
1146184,CITADEL SECURITIES LLC ,2021-02-25,2020,Total asset not found,,,,,,,,,,,,,,165000000.0,,,,,,,,,
1215680,SOUTH STREET SECURITIES LLC ,2004-03-01,2003,Total asset found & match,,,377386.0,,,,,,,,,171659.0,,9653.0,,101467.0,,,,,,660165.0,
1215680,SOUTH STREET SECURITIES LLC ,2005-03-01,2004,Total asset found & match,,,3633603.0,,,62696913.0,,,,,,166213.0,,,418925.0,31834.0,,,,6766156357.0,,6833103845.0,
1215680,SOUTH STREET SECURITIES LLC ,2006-03-01,2005,Total asset found & match,,,1133769.0,,,665000.0,,,,,3266510435.0,108373.0,,,,180736.0,,124513640.0,,6771563013.0,,10164674966.0,
1215680,SOUTH STREET SECURITIES LLC ,2007-03-01,2006,Total asset found & match,,,744210.0,,,500000.0,,,,,,44703.0,,,665584.0,398673.0,,,10622.0,1187168029.0,,1189531821.0,
1215680,SOUTH STREET SECURITIES LLC ,2008-02-29,2007,Total asset found & match,,,387428.0,,,1450477.0,,,,,,18533.0,,413123.0,,,,,,2025027514.0,,2027297075.0,
1215680,SOUTH STREET SECURITIES LLC ,2009-03-04,2008,Total asset found & match,,,3594267.0,,,5500352.0,,,,,,6757.0,,611139.0,,,,,,4865547096.0,,4875259611.0,
1215680,SOUTH STREET SECURITIES LLC ,2010-02-26,2009,Total asset found & match,,,112661.0,,,6492440.0,,,,,153421139.0,3244.0,,293794.0,,,,,,5609789066.0,,5770112344.0,
1215680,SOUTH STREET SECURITIES LLC ,2011-03-01,2010,Total asset found & match,,,859762.0,,,39085513.0,,,,,55565078.0,,,279514.0,,,,,,8281872369.0,,8377662236.0,
1215680,SOUTH STREET SECURITIES LLC ,2012-02-29,2011,Total asset found & match,,,7509614.0,,,245158555.0,,,,,10249620.0,,,251303.0,,,,,,11909355681.0,,12172524773.0,
1215680,SOUTH STREET SECURITIES LLC ,2013-03-01,2012,Total asset found & match,,,13580459.0,,,30402844.0,,,,,,,,309549.0,,,,,,13659642533.0,,13703935385.0,
1215680,SOUTH STREET SECURITIES LLC ,2014-02-28,2013,Total asset found & match,,,10962221.0,,,183266602.0,,,,,718789546.0,,,285747.0,956604.0,,,,,18365991901.0,,19280252621.0,
1215680,SOUTH STREET SECURITIES LLC ,2015-02-27,2014,Total asset found & match,,,9744699.0,,,19863595.0,,,,,1646184750.0,,,235912.0,912537.0,,,,,19687329287.0,,21364270780.0,
1215680,SOUTH STREET SECURITIES LLC ,2016-06-16,2015,Total asset found & match,,,4676024.0,,,23820539.0,,,,,25315661084.0,,,639296.0,852163.0,,,,,,,25345649106.0,
1215680,SOUTH STREET SECURITIES LLC ,2017-03-07,2016,Total asset found & match,,,27792832.0,,,12183852.0,,,,,29222877524.0,,,4036967.0,1085293.0,,,,,,,29267976468.0,
1215680,SOUTH STREET SECURITIES LLC ,2018-03-01,2017,Total asset found & match,,,3584631.0,,,14937037.0,,,,,31975404347.0,,,12525403.0,753275.0,,,,,,,32007204693.0,
1215680,SOUTH STREET SECURITIES LLC ,2019-03-01,2018,Total asset found & match,,,14291300.0,,,32136620.0,,,,,240377040.0,,,5834805.0,1116018.0,,,,,35022513134.0,,35316268917.0,
1215680,SOUTH STREET SECURITIES LLC ,2020-03-02,2019,Total asset found & match,,,8959392.0,,,20935197.0,,,,,349701000.0,,,17789965.0,1435156.0,,,,,39380460957.0,,39779281667.0,
1215680,SOUTH STREET SECURITIES LLC ,2021-03-02,2020,Total asset found & match,,,13695186.0,,,19816249.0,,,,,,,,59392943.0,,,,,,35731634306.0,,35824538684.0,
1224385,"WELLS FARGO SECURITIES, LLC ",2004-03-01,2003,Total asset found & match,,,75176000.0,,,,,,,,,,6112000.0,252738000.0,44457000.0,,11067000.0,4049708000.0,51246000.0,7944113000.0,9075170000.0,21509787000.0,
1224385,"WELLS FARGO SECURITIES, LLC ",2005-03-01,2004,Total asset found & match,,,10077000.0,,,,,,,,,,6112000.0,318763000.0,152967000.0,,10267000.0,7080574000.0,116572000.0,11928982000.0,15987341000.0,35611655000.0,
1224385,"WELLS FARGO SECURITIES, LLC ",2006-03-01,2005,Total asset found & match,,,25655000.0,,,,,,,,,,6112000.0,374025000.0,112907000.0,,12845000.0,4909150000.0,112151000.0,6812438000.0,11664207000.0,24029490000.0,
1224385,"WELLS FARGO SECURITIES, LLC ",2007-03-01,2006,Total asset found & match,,,748000.0,,,,,,,,,,6112000.0,473701000.0,116543000.0,,11464000.0,4451402000.0,21999000.0,4249897000.0,11548057000.0,20879923000.0,
1224385,"WELLS FARGO SECURITIES, LLC ",2008-02-29,2007,Total asset found & match,,,10525000.0,,,,,,,,,,,534985000.0,102706000.0,,10230000.0,3712403000.0,11652000.0,4607831000.0,12670485000.0,21660817000.0,
1224385,"WELLS FARGO SECURITIES, LLC ",2009-03-02,2008,Total asset found & match,,,8235000.0,,,,,,,,,,,193182000.0,66160000.0,,5075000.0,2929755000.0,15595000.0,1754258000.0,4608275000.0,9580535000.0,
1224385,"WELLS FARGO SECURITIES, LLC ",2010-03-12,2009,Total asset found & match,,,55831000.0,,,,,,,,9048848000.0,,79687000.0,123560000.0,,,1119000.0,4674419000.0,50349000.0,3465845000.0,,17499658000.0,
1224385,"WELLS FARGO SECURITIES, LLC ",2011-03-01,2010,Total asset found & match,,,13429000.0,,,,,,,,20635213000.0,,79687000.0,133014000.0,,,266000.0,9224518000.0,731044000.0,6792762000.0,,37609933000.0,
1224385,"WELLS FARGO SECURITIES, LLC ",2012-02-29,2011,Total asset found & match,,,3964000.0,,,,,,,,24921307000.0,,79687000.0,79336000.0,,,1012000.0,8917080000.0,124507000.0,5407174000.0,,39534067000.0,
1224385,"WELLS FARGO SECURITIES, LLC ",2013-03-01,2012,Total asset found & match,,,26219000.0,,,,,,,,25189555000.0,,79687000.0,79469000.0,,,4587000.0,8163067000.0,495149000.0,9486351000.0,,43524084000.0,
1224385,"WELLS FARGO SECURITIES, LLC ",2014-03-04,2013,Total asset found & match,,,604738000.0,,,,,,,,29511653000.0,,79687000.0,270629000.0,,,3566000.0,8930828000.0,87811000.0,8655983000.0,,48144895000.0,
1224385,"WELLS FARGO SECURITIES, LLC ",2015-03-02,2014,Total asset found & match,,,1188960000.0,,,,,,,,35236074000.0,,79687000.0,251917000.0,,,3290000.0,20178482000.0,154217000.0,7743114000.0,,64835741000.0,
1224385,"WELLS FARGO SECURITIES, LLC ",2016-02-29,2015,Total asset found & match,,,1879796000.0,,,,,,,,43390061000.0,,79687000.0,19288966000.0,,,1694000.0,9219333000.0,2980786000.0,13691532000.0,,90531855000.0,
1224385,"WELLS FARGO SECURITIES, LLC ",2017-03-01,2016,Total asset found & match,,,740564000.0,,,,,,,,45293482000.0,,79687000.0,18795124000.0,,,585000.0,21632676000.0,4093015000.0,22305354000.0,,112940487000.0,
1224385,"WELLS FARGO SECURITIES, LLC ",2018-02-28,2017,Total asset found & match,,,1739790000.0,,,,,,,,47152169000.0,,79687000.0,39006037000.0,,,740000.0,24899786000.0,4179195000.0,14344796000.0,,131402200000.0,
1224385,"WELLS FARGO SECURITIES, LLC ",2019-02-28,2018,Total asset found & match,,,1441216000.0,,,,,,,,58934483000.0,,79687000.0,32882674000.0,506861000.0,,314000.0,22175282000.0,5278221000.0,13025231000.0,,134323969000.0,
1224385,"WELLS FARGO SECURITIES, LLC ",2020-02-28,2019,Total asset found & match,,,2473302000.0,,,,,,,,59637269000.0,,79687000.0,32422873000.0,21102000.0,,6261000.0,18717937000.0,7125995000.0,21350116000.0,,141834542000.0,
1224385,"WELLS FARGO SECURITIES, LLC ",2021-02-26,2020,Total asset found & match,,,962880000.0,,,,,,,,51852673000.0,,79687000.0,27111314000.0,5078000.0,,4110000.0,24939423000.0,8748357000.0,19054759000.0,,132758281000.0,
1261467,"SG AMERICAS SECURITIES, LLC ",2005-03-08,2004,Total asset found & match,,,37215000.0,,,,,,48319000.0,920000.0,556328000.0,,,24976165000.0,273268000.0,,317000.0,551184000.0,23954000.0,2104705000.0,126224000.0,28698599000.0,
1261467,"SG AMERICAS SECURITIES, LLC ",2006-03-01,2005,Total asset found & match,,,27521000.0,,,,,,40023000.0,858000.0,2090084000.0,,,30842694000.0,318399000.0,,490000.0,1106084000.0,13728000.0,2400092000.0,96266000.0,36936239000.0,
1261467,"SG AMERICAS SECURITIES, LLC ",2007-03-02,2006,Total asset found & match,,,1622860000.0,,,,,,93137000.0,398000.0,6369731000.0,,,20957921000.0,78138000.0,,491000.0,875672000.0,37945000.0,1323999000.0,37128000.0,31397420000.0,
1261467,"SG AMERICAS SECURITIES, LLC ",2008-02-29,2007,Total asset found & match,,,12698000.0,77607000.0,,,,,,,4221684000.0,,,14725898000.0,,,,1037377000.0,83302000.0,647901000.0,6143695000.0,26950162000.0,
1261467,"SG AMERICAS SECURITIES, LLC ",2009-03-02,2008,Total asset found & match,,,10835000.0,54902000.0,,,,,,,1317438000.0,,,6844430000.0,,,,633035000.0,7367000.0,300000000.0,2165693000.0,11333700000.0,
1261467,"SG AMERICAS SECURITIES, LLC ",2010-03-01,2009,Total asset found & match,,,2044000.0,75014000.0,,,,,,,2569938000.0,,,8514815000.0,,,,1260522000.0,69010000.0,,9703853000.0,22195196000.0,
1261467,"SG AMERICAS SECURITIES, LLC ",2011-03-01,2010,Total asset found & match,,,155061000.0,135151000.0,,,,,,,10402497000.0,,,12230956000.0,,,,1528961000.0,1768000.0,,6270429000.0,30724823000.0,
1261467,"SG AMERICAS SECURITIES, LLC ",2012-02-29,2011,Total asset found & match,,,862142000.0,207329000.0,,,,,,,9204567000.0,,,12622706000.0,,,,1740717000.0,62596000.0,3902555000.0,6591543000.0,35194155000.0,
1261467,"SG AMERICAS SECURITIES, LLC ",2013-03-01,2012,Total asset found & match,,,715745000.0,175433000.0,,,,,,,10318858000.0,,,11710933000.0,,,,798232000.0,238582000.0,5750180000.0,6741962000.0,36449925000.0,
1261467,"SG AMERICAS SECURITIES, LLC ",2014-03-04,2013,Total asset found & match,,,181640000.0,216539000.0,,,,,,,15475995000.0,,,16287882000.0,,,,471208000.0,144145000.0,10622952000.0,11164100000.0,54564461000.0,
1261467,"SG AMERICAS SECURITIES, LLC ",2015-03-02,2014,Total asset found & match,,,775128000.0,349665000.0,,,,,,,21121732000.0,,,18618095000.0,7323000.0,,,905432000.0,221719000.0,9695738000.0,6992297000.0,58687129000.0,
1261467,"SG AMERICAS SECURITIES, LLC ",2016-03-01,2015,Total asset found & match,,,767340000.0,10596292000.0,,,,,,,5658215000.0,8660000.0,,12609565000.0,,,,1411153000.0,1525314000.0,3007354000.0,2540897000.0,38124790000.0,
1261467,"SG AMERICAS SECURITIES, LLC ",2017-03-01,2016,Total asset found & match,,,3308360000.0,10868553000.0,,,,,,,5253851000.0,1055000.0,,8705652000.0,,,,1882788000.0,1889920000.0,1932584000.0,2234473000.0,36077236000.0,
1261467,"SG AMERICAS SECURITIES, LLC ",2018-02-28,2017,Total asset found & match,,,5169774000.0,10880721000.0,,,,,,,5544847000.0,69000.0,,6370693000.0,,,,2697745000.0,2266857000.0,832926000.0,3245520000.0,37009152000.0,
1261467,"SG AMERICAS SECURITIES, LLC ",2018-04-13,2017,Total asset found & match,,,5169774000.0,10880721000.0,,,,,,,5544847000.0,69000.0,,6370693000.0,,,,2697745000.0,2266857000.0,832926000.0,3245520000.0,37009152000.0,
1261467,"SG AMERICAS SECURITIES, LLC ",2019-03-01,2018,Total asset found & match,,,5485459000.0,10809251000.0,,,,,,,6038317000.0,2000.0,,5413262000.0,,,,3050607000.0,813069000.0,118739000.0,1578980000.0,33307686000.0,
1261467,"SG AMERICAS SECURITIES, LLC ",2021-03-01,2020,Total asset found & match,,,4183782000.0,13232953000.0,,,,,,,2751127000.0,,,3496164000.0,,,,1043356000.0,1217932000.0,1671484000.0,1256513000.0,28853311000.0,
1591458,CURVATURE SECURITIES LLC ,2015-02-20,2014,Total asset found & match,,,224907.0,,,1732.0,,,,,,,,,,43135.0,,,,,,269774.0,
1591458,CURVATURE SECURITIES LLC ,2018-02-28,2017,Total asset found & match,,,4052271.0,,,,,,,,,,,14032433910.0,,29713.0,36396.0,67950301.0,,,,14104502591.0,
1591458,CURVATURE SECURITIES LLC ,2019-02-28,2018,Total asset found & match,,,7397205.0,,,,,,,,22314.0,,,35631628089.0,,198217.0,107070.0,41028016.0,,,,35680380911.0,
1591458,CURVATURE SECURITIES LLC ,2020-02-28,2019,Total asset found & match,,,3332561.0,,,,,,,,31338.0,,,57580753.0,23180.0,107485.0,165246.0,205708314.0,,43426628255.0,,43693577132.0,
1591458,CURVATURE SECURITIES LLC ,2021-02-26,2020,Total asset found & match,,,24015210.0,,,,,,,,33769.0,,,40806249.0,33946.0,135795.0,156142.0,126718377.0,,15297395866.0,,15489295354.0,
1616344,CITADEL CLEARING LLC ,2016-02-24,2015,Total asset found & match,,,481823000.0,,,,,,,,,,,29222479000.0,,,,131461000.0,1750000.0,3733129000.0,,33570642000.0,
1616344,CITADEL CLEARING LLC ,2017-02-24,2016,Total asset found & match,,,447271000.0,,,,,,,,,,,24575431000.0,,,,190990000.0,679000.0,10083715000.0,,35298086000.0,
1616344,CITADEL CLEARING LLC ,2019-02-28,2018,Total asset found & match,,,640841000.0,,,,,,,,,,,25630522000.0,,,,165944000.0,5988000.0,13666454000.0,,40109749000.0,
1616344,CITADEL CLEARING LLC ,2020-02-27,2019,Total asset found & no match,,,1402934000.0,,,,,,,,,,,53689919000.0,,,,130230000.0,,15502826000.0,,43212863000.0,
1616344,CITADEL CLEARING LLC ,2021-02-25,2020,Total asset found & match,,,662008000.0,,,,,,,,,,,6778540000.0,,,,91668000.0,2151000.0,8021562000.0,,15555929000.0,
230611,UBS SECURITIES LLC ,2002-03-01,2001,Total asset not found,,,43802000.0,,,,,,,15112000.0,97130257000.0,,317342000.0,84168074000.0,1141431000.0,,,5270458000.0,1722651000.0,80565042000.0,2005705000.0,,
230611,UBS SECURITIES LLC ,2003-03-03,2002,Total asset not found,,,33629000.0,,,,,,,14957000.0,107605058000.0,,462684000.0,90298454000.0,1315516000.0,,,3499676000.0,1468106000.0,101767604000.0,90915000.0,,
230611,UBS SECURITIES LLC ,2004-03-01,2003,Total asset not found,,,52616000.0,,,,,,,17854000.0,143986838000.0,,718648000.0,151876825000.0,1136736000.0,,,5876361000.0,2567612000.0,114409369000.0,135858000.0,,
230611,UBS SECURITIES LLC ,2005-03-01,2004,Total asset not found,,,260511000.0,,,,,,,63220000.0,149290533000.0,,638648000.0,169548140000.0,1444179000.0,,,10459645000.0,6366095000.0,140842022000.0,1643021000.0,,
230611,UBS SECURITIES LLC ,2006-03-01,2005,Total asset not found,,,501274000.0,,,,,,,106656000.0,127620682000.0,,638648000.0,204483350000.0,2336646000.0,,,6865254000.0,5653205000.0,113354020000.0,1933522000.0,,
230611,UBS SECURITIES LLC ,2007-03-01,2006,Total asset not found,,,355633000.0,,,,,,,45518000.0,110958372000.0,,971518000.0,253644677000.0,3213917000.0,,,21020931000.0,8273669000.0,132253311000.0,44621240000.0,,
230611,UBS SECURITIES LLC ,2008-02-29,2007,Total asset not found,,,437990000.0,,,,,,,59464000.0,107039873000.0,,1064347000.0,149028912000.0,3232101000.0,,,17173089000.0,9965318000.0,96578874000.0,53511586000.0,,
230611,UBS SECURITIES LLC ,2009-03-02,2008,Total asset not found,,,2475816000.0,,,,,,,45287000.0,36601656000.0,,730847000.0,104565507000.0,602316000.0,,,9619828000.0,2032293000.0,76813108000.0,19933043000.0,,
230611,UBS SECURITIES LLC ,2009-03-09,2008,Total asset not found,,,2475816000.0,,,,,,,45287000.0,36601656000.0,,730847000.0,104565507000.0,602316000.0,,,9619828000.0,2032293000.0,26813108000.0,19933043000.0,,
230611,UBS SECURITIES LLC ,2011-03-01,2010,Total asset not found,,,110241000.0,,,,,,,39154000.0,29720490000.0,,769390000.0,67942517000.0,271342000.0,,,12592264000.0,10136658000.0,58007372000.0,20208789000.0,,
230611,UBS SECURITIES LLC ,2012-02-29,2011,Total asset not found,,,367898000.0,,,,,,,18553000.0,31898323000.0,,677664000.0,63344354000.0,236174000.0,,,6601946000.0,5774461000.0,132983726000.0,9144686000.0,,
230611,UBS SECURITIES LLC ,2014-03-06,2013,Total asset not found,,,316302000.0,,,,,,,16270000.0,10295607000.0,,,38346429000.0,92287000.0,,,6290834000.0,10403817000.0,30709840000.0,2438128000.0,,
230611,UBS SECURITIES LLC ,2015-03-02,2014,Total asset not found,,,590250000.0,,,,,,,5735000.0,5184063000.0,,,37394471000.0,97803000.0,,,5815187000.0,5267147000.0,19933822000.0,3675800000.0,,
230611,UBS SECURITIES LLC ,2016-02-29,2015,Total asset not found,,,564791000.0,,,,,,,5735000.0,3965109000.0,,,39123363000.0,130552000.0,,,7350336000.0,5397209000.0,16084509000.0,3519678000.0,,
230611,UBS SECURITIES LLC ,2017-03-03,2016,Total asset not found,,,576080000.0,,,,,,,4510000.0,8724471000.0,,,14118892000.0,149683000.0,,,2151232000.0,4297893000.0,13619785000.0,2458564000.0,,
230611,UBS SECURITIES LLC ,2018-03-01,2017,Total asset not found,,,1347499000.0,,,,,,,,7765400000.0,,,12300709000.0,203774000.0,,,2466856000.0,7322601000.0,20925254000.0,3177626000.0,,
230611,UBS SECURITIES LLC ,2020-03-03,2019,Total asset not found,,,3242099000.0,,326622000.0,,,,,,27656547000.0,,,10345849000.0,189421000.0,,,1969888000.0,55698000.0,,703457000.0,,
230611,UBS SECURITIES LLC ,2021-03-01,2020,Total asset not found,,,5442726000.0,,359730000.0,,,,,,12311025000.0,,,13767766000.0,147237000.0,,,2772843000.0,453453000.0,12315154000.0,1087441000.0,,
26617,DAIWA CAPITAL MARKETS AMERICA INC. ,2002-05-30,2001,Total asset found & match,,,296605.0,,,,,,,2789.0,98361.0,,,12603.0,3392.0,,16135.0,433990.0,272868.0,11827846.0,,12964589.0,
26617,DAIWA CAPITAL MARKETS AMERICA INC. ,2003-06-02,2002,Total asset found & match,,,244638000.0,,,,,,,2789000.0,954708000.0,,,1406425000.0,2948000.0,,15023000.0,807463000.0,56927000.0,11379896000.0,,14870817000.0,
26617,DAIWA CAPITAL MARKETS AMERICA INC. ,2004-05-27,2003,Total asset found & match,,,316839000.0,,,,,,,2789000.0,103714000.0,,,571858000.0,5845000.0,,12640000.0,617707000.0,51249000.0,16228436000.0,,17911077000.0,
26617,DAIWA CAPITAL MARKETS AMERICA INC. ,2005-05-26,2004,Total asset found & match,,,179961000.0,,,,,,,2515000.0,925963000.0,,,3839324000.0,14762000.0,,11649000.0,1122806000.0,1226000.0,13339723000.0,,19437929000.0,
26617,DAIWA CAPITAL MARKETS AMERICA INC. ,2006-05-26,2005,Total asset found & match,,,117379000.0,113199000.0,,,,,,2001000.0,1496870000.0,,,4532284000.0,18515000.0,,10543000.0,198680000.0,,17509002000.0,,23998473000.0,
26617,DAIWA CAPITAL MARKETS AMERICA INC. ,2007-05-29,2006,Total asset found & match,,,83284000.0,139973000.0,,,,,,1837000.0,1810272000.0,,,13528089000.0,9960000.0,,9853000.0,48459000.0,,12691337000.0,,28323064000.0,
26617,DAIWA CAPITAL MARKETS AMERICA INC. ,2008-05-29,2007,Total asset found & match,,,141644000.0,194742000.0,,,,,,1502000.0,5201302000.0,,,9127539000.0,6474000.0,,7241000.0,3975408000.0,854009000.0,9828249000.0,,29338110000.0,
26617,DAIWA CAPITAL MARKETS AMERICA INC. ,2009-05-29,2008,Total asset found & match,,,183472000.0,158890000.0,,,,,,1287000.0,4913941000.0,,,6246941000.0,9449000.0,,5561000.0,301721000.0,1031000.0,10891021000.0,14611000.0,22727925000.0,
26617,DAIWA CAPITAL MARKETS AMERICA INC. ,2009-06-08,2008,Total asset found & match,,,183472000.0,158890000.0,,,,,,1287000.0,4913941000.0,,,6246941000.0,9449000.0,,5561000.0,301721000.0,1031000.0,10891021000.0,14611000.0,22727925000.0,
26617,DAIWA CAPITAL MARKETS AMERICA INC. ,2010-05-28,2009,Total asset found & match,,,123493000.0,179224000.0,,,,,,1280000.0,6823111000.0,,,4995666000.0,5413000.0,,5065000.0,388163000.0,3025000.0,12456894000.0,14783000.0,24996117000.0,
26617,DAIWA CAPITAL MARKETS AMERICA INC. ,2011-05-31,2010,Total asset found & match,,,124527000.0,209824000.0,,,,,,1228000.0,9563542000.0,,27331000.0,5511062000.0,22121000.0,,12044000.0,438192000.0,15361000.0,22205575000.0,447693000.0,38578500000.0,
26617,DAIWA CAPITAL MARKETS AMERICA INC. ,2012-05-30,2011,Total asset found & match,,,351311000.0,204833000.0,,,,,,1073000.0,12543123000.0,,27331000.0,2171299000.0,13035000.0,,13563000.0,996505000.0,2882000.0,19767736000.0,,36092691000.0,
26617,DAIWA CAPITAL MARKETS AMERICA INC. ,2013-05-30,2012,Total asset found & match,,,246000000.0,223745000.0,,,,,,1073000.0,16251481000.0,,27452000.0,3479547000.0,5556000.0,,11033000.0,2480438000.0,7936000.0,20698903000.0,,43433164000.0,
26617,DAIWA CAPITAL MARKETS AMERICA INC. ,2014-05-29,2013,Total asset found & match,,,784721000.0,139350000.0,,,,,,1073000.0,12499511000.0,,,2660315000.0,3593000.0,,9806000.0,700214000.0,30776000.0,20095793000.0,,36925152000.0,
26617,DAIWA CAPITAL MARKETS AMERICA INC. ,2015-06-01,2014,Total asset found & match,,,641409000.0,61660000.0,,,,,,1073000.0,15361279000.0,,,3830919000.0,3655000.0,,9633000.0,913477000.0,47846000.0,21233642000.0,8903000.0,42113496000.0,
26617,DAIWA CAPITAL MARKETS AMERICA INC. ,2016-05-31,2015,Total asset found & match,,,567798000.0,102572000.0,,,,,,1073000.0,15273500000.0,,,2640170000.0,4068000.0,,9064000.0,1147952000.0,15222000.0,23505748000.0,11721000.0,43278888000.0,
26617,DAIWA CAPITAL MARKETS AMERICA INC. ,2017-05-30,2016,Total asset found & match,,,873892000.0,102347000.0,,,,,,1073000.0,13803745000.0,,,1807735000.0,4754000.0,,8336000.0,385437000.0,26985000.0,22029974000.0,27843000.0,39072121000.0,
26617,DAIWA CAPITAL MARKETS AMERICA INC. ,2018-05-30,2017,Total asset found & match,,,887735000.0,121783000.0,,,,,,1073000.0,10749988000.0,,,2299729000.0,7402000.0,,8684000.0,193554000.0,15405000.0,25881985000.0,,40167338000.0,
26617,DAIWA CAPITAL MARKETS AMERICA INC. ,2019-05-30,2018,Total asset found & match,,,1085088000.0,125169000.0,,,,,,1073000.0,15938122000.0,,,2075593000.0,5005000.0,,10367000.0,232291000.0,153690000.0,30230922000.0,,49857320000.0,
26617,DAIWA CAPITAL MARKETS AMERICA INC. ,2020-06-01,2019,Total asset found & match,,,1719066000.0,228214000.0,,,,,,1073000.0,17920089000.0,,,2308000000.0,8263000.0,,10159000.0,190177000.0,208283000.0,26094509000.0,,48687833000.0,
29648,PERSHING LLC ,2003-03-03,2002,Total asset found & match,,57000000.0,108000000.0,,,,,,,12000000.0,121000000.0,,,2263000000.0,,,,584000000.0,3434000000.0,3445000000.0,,10048000000.0,24000000.0
29648,PERSHING LLC ,2004-03-01,2003,Total asset found & match,,,26000000.0,3206000000.0,,,,,,,,,,2341000000.0,,,,2172000000.0,6392000000.0,186000000.0,,14323000000.0,
29648,PERSHING LLC ,2005-03-01,2004,Total asset found & match,,,283000000.0,1652000000.0,,,,,,,,,,1784000000.0,,,,1464000000.0,6469000000.0,622000000.0,,12274000000.0,
29648,PERSHING LLC ,2006-03-01,2005,Total asset found & match,,,590000000.0,1169000000.0,,,,,,,,,,1520000000.0,,,,1802000000.0,6547000000.0,573000000.0,,12201000000.0,
29648,PERSHING LLC ,2007-03-01,2006,Total asset found & match,,,730000000.0,1272000000.0,,,,,53000000.0,,,,17000000.0,1491000000.0,,,,1921000000.0,5704000000.0,279000000.0,,11467000000.0,
29648,PERSHING LLC ,2008-02-29,2007,Total asset found & match,,,505000000.0,2229000000.0,,,,361000000.0,,,114000000.0,,34000000.0,1618000000.0,,,,1348000000.0,5681000000.0,296000000.0,,12186000000.0,
29648,PERSHING LLC ,2008-04-07,2007,Total asset found & match,,,505000000.0,2229000000.0,,,,361000000.0,,,114000000.0,,34000000.0,1618000000.0,,,,1348000000.0,5681000000.0,296000000.0,,12186000000.0,
29648,PERSHING LLC ,2008-05-13,2007,Total asset found & match,,,505000000.0,2229000000.0,,,,361000000.0,,,114000000.0,,34000000.0,1618000000.0,,,,1348000000.0,5681000000.0,296000000.0,,12186000000.0,
29648,PERSHING LLC ,2009-03-02,2008,Total asset found & match,,,1056000000.0,3909000000.0,,,,95000000.0,,,1226000000.0,,37000000.0,1887000000.0,,,,1709000000.0,5465000000.0,417000000.0,,15801000000.0,
29648,PERSHING LLC ,2010-03-01,2009,Total asset found & match,,,978000000.0,4772000000.0,,,,50000000.0,,,192000000.0,,34000000.0,2937000000.0,,,,1756000000.0,5469000000.0,762000000.0,,16950000000.0,
29648,PERSHING LLC ,2011-03-01,2010,Total asset found & match,,,347000000.0,3330000000.0,,,,50000000.0,,,184000000.0,,31000000.0,3200000000.0,,,,3527000000.0,7621000000.0,462000000.0,,18752000000.0,
29648,PERSHING LLC ,2011-03-30,2010,Total asset found & match,,,347000000.0,3330000000.0,,,,50000000.0,,,184000000.0,,31000000.0,3200000000.0,,,,3527000000.0,7621000000.0,462000000.0,,18752000000.0,
29648,PERSHING LLC ,2012-02-29,2011,Total asset found & match,,,244000000.0,4454000000.0,,,,50000000.0,,,216000000.0,,38000000.0,3995000000.0,,,,3712000000.0,8674000000.0,425000000.0,,21808000000.0,
29648,PERSHING LLC ,2013-03-01,2012,Total asset found & match,,,547000000.0,6538000000.0,,,,,,,38000000.0,,34000000.0,5563000000.0,,,,2987000000.0,9447000000.0,1340000000.0,,26494000000.0,
29648,PERSHING LLC ,2014-02-28,2013,Total asset found & match,,,583000000.0,5637000000.0,,,,,,,21000000.0,,30000000.0,6365000000.0,,,,2977000000.0,10100000000.0,796000000.0,,26509000000.0,
29648,PERSHING LLC ,2015-03-02,2014,Total asset found & match,,,378000000.0,5899000000.0,,,,,,,20000000.0,,27000000.0,10211000000.0,,,,3379000000.0,13013000000.0,699000000.0,,33626000000.0,
29648,PERSHING LLC ,2016-02-29,2015,Total asset found & match,,,452000000.0,5279000000.0,,,,,,,29000000.0,,23000000.0,8683000000.0,,,,3333000000.0,13351000000.0,988000000.0,,32138000000.0,
29648,PERSHING LLC ,2017-03-01,2016,Total asset found & match,,,459000000.0,5437000000.0,,,,,,,33000000.0,,19000000.0,8153000000.0,,,,3610000000.0,12959000000.0,1780000000.0,,32450000000.0,
29648,PERSHING LLC ,2018-03-01,2017,Total asset found & match,,,324000000.0,2765000000.0,,,,,,,18000000.0,,15000000.0,9349000000.0,,,,3932000000.0,13371000000.0,2637000000.0,,32411000000.0,
29648,PERSHING LLC ,2019-03-01,2018,Total asset found & match,,,703000000.0,4248000000.0,,,,,,,23000000.0,,12000000.0,9224000000.0,,,,3550000000.0,12718000000.0,2527000000.0,,33005000000.0,
29648,PERSHING LLC ,2021-02-26,2020,Total asset found & match,,,302000000.0,9124000000.0,,,,,,,113000000.0,,5000000.0,9770000000.0,,,,2794000000.0,12947000000.0,1171000000.0,,36226000000.0,
318336,CREDIT SUISSE SECURITIES (USA) LLC ,2003-03-03,2002,Total asset found & match,,283000000.0,194000000.0,,1082000000.0,,,,,,,,239000000.0,73147000000.0,120000000.0,,,4391000000.0,627000000.0,52115000000.0,21783000000.0,185695000000.0,31714000000.0
318336,CREDIT SUISSE SECURITIES (USA) LLC ,2004-02-27,2003,Total asset found & match,,232000000.0,212000000.0,,953000000.0,,,,,,,,253000000.0,109267000000.0,277000000.0,,,6395000000.0,2564000000.0,50796000000.0,,202633000000.0,31684000000.0
318336,CREDIT SUISSE SECURITIES (USA) LLC ,2004-04-07,2003,Total asset found & match,,232000000.0,212000000.0,,953000000.0,,,,,,,,253000000.0,109241000000.0,277000000.0,,,6391000000.0,2564000000.0,50796000000.0,,202603000000.0,31684000000.0
318336,CREDIT SUISSE SECURITIES (USA) LLC ,2005-03-01,2004,Total asset found & no match,,209000000.0,211000000.0,,753000000.0,,,,,,,,447000000.0,128110000000.0,285000000.0,,,10591000000.0,2929000000.0,48504000000.0,,226128000000.0,32918000000.0
318336,CREDIT SUISSE SECURITIES (USA) LLC ,2006-03-01,2005,Total asset found & match,,223000000.0,303000000.0,,890000000.0,,,,,,,,480000000.0,140889000000.0,310000000.0,,,6949000000.0,3285000000.0,54102000000.0,,238894000000.0,31463000000.0
318336,CREDIT SUISSE SECURITIES (USA) LLC ,2007-03-01,2006,Total asset found & match,,249000000.0,863000000.0,,1435000000.0,,,,,,,,503000000.0,174977000000.0,198000000.0,,,9112000000.0,4930000000.0,46265000000.0,,269834000000.0,31302000000.0
318336,CREDIT SUISSE SECURITIES (USA) LLC ,2008-03-26,2007,Total asset found & match,,333000000.0,984000000.0,,309000000.0,,,,,,,,513000000.0,200131000000.0,1349000000.0,,,9527000000.0,2574000000.0,71800000000.0,,326437000000.0,38917000000.0
318336,CREDIT SUISSE SECURITIES (USA) LLC ,2009-03-02,2008,Total asset found & match,,577000000.0,1218000000.0,,328000000.0,,,,,,,,519000000.0,177076000000.0,635000000.0,,,11085000000.0,5574000000.0,85076000000.0,,326348000000.0,44260000000.0
318336,CREDIT SUISSE SECURITIES (USA) LLC ,2010-03-03,2009,Total asset found & match,,667000000.0,608000000.0,,311000000.0,,,,,,,,519000000.0,171163000000.0,812000000.0,,,8491000000.0,8022000000.0,48468000000.0,,292388000000.0,53327000000.0
318336,CREDIT SUISSE SECURITIES (USA) LLC ,2011-03-01,2010,Total asset found & match,,743000000.0,682000000.0,,317000000.0,,,,,,,,520000000.0,175119000000.0,940000000.0,,,8922000000.0,8794000000.0,64447000000.0,,312685000000.0,52201000000.0
318336,CREDIT SUISSE SECURITIES (USA) LLC ,2012-02-29,2011,Total asset found & match,,1065000000.0,579000000.0,3679000000.0,344000000.0,,2256000000.0,,,,,,520000000.0,135042000000.0,439000000.0,,,8433000000.0,11663000000.0,90388000000.0,,309495000000.0,55087000000.0
318336,CREDIT SUISSE SECURITIES (USA) LLC ,2013-03-01,2012,Total asset found & match,,,580000000.0,2411000000.0,371000000.0,,,,,,,,520000000.0,139563000000.0,710000000.0,,1061000000.0,9015000000.0,14685000000.0,61406000000.0,,292165000000.0,61843000000.0
318336,CREDIT SUISSE SECURITIES (USA) LLC ,2014-03-05,2013,Total asset found & match,,,1622000000.0,,442000000.0,,5059000000.0,,,,54043000000.0,,520000000.0,101297000000.0,,,911000000.0,11818000000.0,16904000000.0,56928000000.0,26385000000.0,275929000000.0,
318336,CREDIT SUISSE SECURITIES (USA) LLC ,2015-03-02,2014,Total asset found & match,,,1458000000.0,,,,6486000000.0,,,,39187000000.0,,519000000.0,99340000000.0,,,746000000.0,7974000000.0,16960000000.0,73187000000.0,27035000000.0,272892000000.0,
318336,CREDIT SUISSE SECURITIES (USA) LLC ,2016-02-29,2015,Total asset found & match,,,2043000000.0,,,,4305000000.0,,,,37109000000.0,,519000000.0,70273000000.0,,,707000000.0,6722000000.0,11584000000.0,43591000000.0,27573000000.0,204426000000.0,
318336,CREDIT SUISSE SECURITIES (USA) LLC ,2017-03-06,2016,Total asset found & match,,692000000.0,743000000.0,,,,4241000000.0,,,,23424000000.0,,,68011000000.0,,,,7586000000.0,10218000000.0,29978000000.0,30223000000.0,175116000000.0,
318336,CREDIT SUISSE SECURITIES (USA) LLC ,2018-03-01,2017,Total asset found & no match,,,866000000.0,,,,2955000000.0,,,,11046000000.0,,518000000.0,39658000000.0,,,633000000.0,6842000000.0,,28245000000.0,5549000000.0,109794000000.0,
318336,CREDIT SUISSE SECURITIES (USA) LLC ,2019-03-08,2018,Total asset found & match,,,728000000.0,,,,3292000000.0,,,,10884000000.0,,518000000.0,24882000000.0,,,658000000.0,6648000000.0,14892000000.0,20133000000.0,4817000000.0,87452000000.0,
318336,CREDIT SUISSE SECURITIES (USA) LLC ,2020-02-28,2019,Total asset found & match,,,672000000.0,,832000000.0,,13106000000.0,,,,,,518000000.0,31578000000.0,,,,5698000000.0,11425000000.0,14200000000.0,3010000000.0,81039000000.0,
318336,CREDIT SUISSE SECURITIES (USA) LLC ,2021-03-01,2020,Total asset found & match,,,730000000.0,,1026000000.0,,10783000000.0,,,,29767000000.0,,530000000.0,2491000000.0,,,,4970000000.0,11995000000.0,21967000000.0,1695000000.0,85954000000.0,
356628,NATIONAL FINANCIAL SERVICES LLC ,2002-02-25,2001,Total asset found & match,,,6716586000.0,,,,,,,,409475000.0,,,1472532000.0,,,29822000.0,1687366000.0,6232146000.0,,,16547927000.0,
356628,NATIONAL FINANCIAL SERVICES LLC ,2003-02-24,2002,Total asset found & match,,,6902306000.0,,,,,,,,392586000.0,,,728726000.0,,,66693000.0,1371601000.0,4776553000.0,,,14238465000.0,
356628,NATIONAL FINANCIAL SERVICES LLC ,2004-03-01,2003,Total asset found & match,,,6862486000.0,,,,,,,,,,,354850000.0,,,65550000.0,2045848000.0,6963238000.0,,988641000.0,17280613000.0,
356628,NATIONAL FINANCIAL SERVICES LLC ,2005-03-01,2004,Total asset found & match,,,6407814000.0,,,,,,,,,,,656444000.0,,,54020000.0,2070363000.0,10261905000.0,,1217769000.0,20668315000.0,
356628,NATIONAL FINANCIAL SERVICES LLC ,2006-03-02,2005,Total asset found & no match,,,522695000.0,,,,,,,,,,,610605000.0,,,34409000.0,747598000.0,10555534000.0,,413259000.0,19729704000.0,
356628,NATIONAL FINANCIAL SERVICES LLC ,2007-03-01,2006,Total asset not found,,,943054000.0,,,,,,,,,,,192764000.0,,,,,10369481000.0,,,,
356628,NATIONAL FINANCIAL SERVICES LLC ,2008-02-29,2007,Total asset found & no match,,48743000.0,9983166000.0,,,,,,,,,,,4121486000.0,,,,895399000.0,11622867000.0,,1762498000.0,28537176000.0,
356628,NATIONAL FINANCIAL SERVICES LLC ,2009-03-02,2008,Total asset found & match,,,16974754000.0,,,,,,,,,,,3773152000.0,,,61091000.0,858598000.0,6370214000.0,,2997812000.0,31035621000.0,
356628,NATIONAL FINANCIAL SERVICES LLC ,2010-06-11,2009,Total asset found & match,,,18233775000.0,,,,,,,,,,,5313473000.0,,,94927000.0,750856000.0,7730227000.0,,2183539000.0,34306797000.0,
356628,NATIONAL FINANCIAL SERVICES LLC ,2011-03-02,2010,Total asset found & match,,49252000.0,25251242000.0,,,,,,,,,,,6698611000.0,,,,1059313000.0,9191074000.0,,1366161000.0,43615653000.0,
356628,NATIONAL FINANCIAL SERVICES LLC ,2012-02-27,2011,Total asset found & match,,,35345000000.0,,,,,909000000.0,,,,,,7759000000.0,,,,,9365000000.0,,1570000000.0,54948000000.0,
356628,NATIONAL FINANCIAL SERVICES LLC ,2013-02-25,2012,Total asset found & match,,,46339000000.0,,,,,816000000.0,,,,,,7998000000.0,,,,,11091000000.0,,2454000000.0,68698000000.0,
356628,NATIONAL FINANCIAL SERVICES LLC ,2014-02-21,2013,Total asset found & match,,,53379000000.0,,,,,697000000.0,,,,,,8254000000.0,,,,,13163000000.0,,1694000000.0,77187000000.0,
356628,NATIONAL FINANCIAL SERVICES LLC ,2015-02-26,2014,Total asset found & match,,,61127000000.0,,,,,1117000000.0,,,,,,7826000000.0,,,,,15103000000.0,,1746000000.0,86919000000.0,
356628,NATIONAL FINANCIAL SERVICES LLC ,2016-02-24,2015,Total asset found & match,,,65997000000.0,,,,,1081000000.0,,,,,,9533000000.0,,,,,15910000000.0,,1565000000.0,94086000000.0,
356628,NATIONAL FINANCIAL SERVICES LLC ,2017-02-24,2016,Total asset found & match,,,63145000000.0,,,,,954000000.0,,,,,,10961000000.0,,,,,16492000000.0,,2107000000.0,93659000000.0,
356628,NATIONAL FINANCIAL SERVICES LLC ,2019-02-25,2018,Total asset found & match,,,40118000000.0,,,,,1590000000.0,,,,,,7857000000.0,,,,,21645000000.0,,2001000000.0,73211000000.0,
356628,NATIONAL FINANCIAL SERVICES LLC ,2021-02-25,2020,Total asset found & match,,,1756000000.0,,,,,1637000000.0,,,41947000000.0,,,11768000000.0,,,,,30500000000.0,,1829000000.0,89437000000.0,
42352,GOLDMAN SACHS & CO. LLC ,2002-01-30,2001,Total asset not found,,,24258610000.0,,,,,,,,31630471000.0,,,101799582000.0,,,,4408164000.0,13165513000.0,14713728000.0,,,
42352,GOLDMAN SACHS & CO. LLC ,2003-01-28,2002,Total asset not found,,,19384642000.0,,,,,,,,40528247000.0,,,107444879000.0,,,,3964833000.0,10265518000.0,32394689000.0,,,
42352,GOLDMAN SACHS & CO. LLC ,2004-01-27,2003,Total asset not found,,,26573659000.0,,,,,,,,53321469000.0,,,153321826000.0,,,,7976880000.0,10289117000.0,16264354000.0,,,
42352,GOLDMAN SACHS & CO. LLC ,2005-01-25,2004,Total asset found & match,,,34330737000.0,,,,,,,,65452780000.0,,,197113380000.0,,,,8974752000.0,12342912000.0,30376416000.0,,348590977000.0,
42352,GOLDMAN SACHS & CO. LLC ,2006-01-24,2005,Total asset found & match,,,43053739000.0,,,,,,,,106354891000.0,,,249286241000.0,,,,9648246000.0,14642116000.0,52886906000.0,,475872139000.0,
42352,GOLDMAN SACHS & CO. LLC ,2007-01-23,2006,Total asset found & match,,,2008168000.0,53236610000.0,,,,,,,105900570000.0,,,265987826000.0,,,,9551828000.0,16139054000.0,56426680000.0,,509250736000.0,
42352,GOLDMAN SACHS & CO. LLC ,2008-01-29,2007,Total asset found & match,,,3815314000.0,85274770000.0,,,,,,,444715435000.0,,,5483735000.0,,,,20402378000.0,22739706000.0,50427432000.0,,632858770000.0,
42352,GOLDMAN SACHS & CO. LLC ,2010-03-01,2009,Total asset found & match,,,3273000000.0,11459000000.0,,,,,,,345234000000.0,,,4894000000.0,,,,8193000000.0,20203000000.0,70499000000.0,,463755000000.0,
42352,GOLDMAN SACHS & CO. LLC ,2011-03-01,2010,Total asset found & no match,,,4507000000.0,32780000000.0,,,,,,,471532000000.0,,,4639000000.0,,,,9356000000.0,21582000000.0,122926000000.0,,527001000000.0,
42352,GOLDMAN SACHS & CO. LLC ,2012-02-29,2011,Total asset found & match,,,6452000000.0,40825000000.0,,,,,,,315671000000.0,,,4110000000.0,,,,7542000000.0,18216000000.0,111878000000.0,,504694000000.0,
42352,GOLDMAN SACHS & CO. LLC ,2013-03-01,2012,Total asset found & match,,,6085000000.0,31478000000.0,,,,,,,332787000000.0,,,2412000000.0,,,,7588000000.0,20541000000.0,100204000000.0,,501095000000.0,
42352,GOLDMAN SACHS & CO. LLC ,2014-07-31,2013,Total asset found & match,,,3118000000.0,31470000000.0,,,,,,,354904000000.0,,,2883000000.0,,,,7359000000.0,24675000000.0,100107000000.0,,524526000000.0,
42352,GOLDMAN SACHS & CO. LLC ,2015-03-10,2014,Total asset found & no match,,,5191000000.0,33775000000.0,,,,,,,318496000000.0,,,2933000000.0,,,,11922000000.0,24726000000.0,33000000.0,,477076000000.0,
42352,GOLDMAN SACHS & CO. LLC ,2016-02-23,2015,Total asset found & match,,,3977000000.0,40973000000.0,,,,,,,292008000000.0,,,2603000000.0,,,,10383000000.0,15514000000.0,89293000000.0,,454751000000.0,
42352,GOLDMAN SACHS & CO. LLC ,2017-03-01,2016,Total asset found & match,,,7847000000.0,,,,,,,,256246000000.0,,,2899000000.0,,,,7337000000.0,19600000000.0,130720000000.0,,424849000000.0,
42352,GOLDMAN SACHS & CO. LLC ,2018-02-27,2017,Total asset found & match,,,8867000000.0,,,,,,,,263396000000.0,,,2044000000.0,,,,12460000000.0,24261000000.0,142899000000.0,,453927000000.0,
42352,GOLDMAN SACHS & CO. LLC ,2019-03-01,2018,Total asset found & match,,,14228000000.0,,,,,,,,264924000000.0,,,2268000000.0,,,,6769000000.0,18704000000.0,109772000000.0,,416665000000.0,
42352,GOLDMAN SACHS & CO. LLC ,2021-02-25,2020,Total asset found & match,,,6770000000.0,,,,,,,,343293000000.0,,,3141000000.0,,,,18249000000.0,62121000000.0,74073000000.0,,507647000000.0,
58056,DEUTSCHE BANK SECURITIES INC. ,2002-03-01,2001,Total asset not found,,,2260862000.0,,,,,,,,4057453000.0,,1914245000.0,46998347000.0,,,707411000.0,5942282000.0,3391662000.0,51307535000.0,11017454000.0,,11949845000.0
58056,DEUTSCHE BANK SECURITIES INC. ,2003-03-03,2002,Total asset not found,,,2372261000.0,,,,,,,,3928217000.0,,,58461694000.0,,,763034000.0,4841367000.0,2502558000.0,47583030000.0,2618399000.0,,26999260000.0
58056,DEUTSCHE BANK SECURITIES INC. ,2004-02-27,2003,Total asset not found,,,392885000.0,,,,,,,,3371911000.0,,,91998781000.0,,,825455000.0,10275917000.0,5564333000.0,49457744000.0,4813062000.0,,42015966000.0
58056,DEUTSCHE BANK SECURITIES INC. ,2004-03-26,2003,Total asset not found,,,392885000.0,,,,,,,,3371911000.0,,,91998781000.0,,,825455000.0,10275917000.0,5564333000.0,49457744000.0,4813062000.0,,42015966000.0
58056,DEUTSCHE BANK SECURITIES INC. ,2005-02-25,2004,Total asset found & match,,,4227517000.0,,,,,,,,2956788000.0,,,96866655000.0,,,818661000.0,23080097000.0,3780020000.0,71777533000.0,5656621000.0,253278304000.0,44114412000.0
58056,DEUTSCHE BANK SECURITIES INC. ,2006-03-24,2005,Total asset found & match,,,1275345000.0,11451359000.0,,,,,,,3332514000.0,,,143323336000.0,1194284000.0,,781802000.0,4671476000.0,2218573000.0,53342378000.0,,264444724000.0,42853647000.0
58056,DEUTSCHE BANK SECURITIES INC. ,2007-03-01,2006,Total asset found & match,,,1597952000.0,7870687000.0,,,,,,,103145058000.0,,,133655089000.0,,,741731000.0,7033249000.0,2758524000.0,61068432000.0,,317870722000.0,
58056,DEUTSCHE BANK SECURITIES INC. ,2008-02-29,2007,Total asset found & match,,,801082000.0,8250562000.0,,,,,,,185612574000.0,,,182192362000.0,,,709776000.0,9435937000.0,2366990000.0,130411347000.0,,519780630000.0,
58056,DEUTSCHE BANK SECURITIES INC. ,2009-03-16,2008,Total asset found & match,,,595833000.0,7768328000.0,,,,,,,162366894000.0,,,13918503000.0,,,675483000.0,8168655000.0,1254740000.0,49664842000.0,,244413278000.0,
58056,DEUTSCHE BANK SECURITIES INC. ,2010-06-04,2009,Total asset found & match,,,484117000.0,8477617000.0,,,,,,,162100011000.0,,,14161797000.0,,,647302000.0,12164347000.0,1608926000.0,50048949000.0,,249693066000.0,
58056,DEUTSCHE BANK SECURITIES INC. ,2012-02-29,2011,Total asset found & no match,,,801145000.0,9298972000.0,,,,,,,127795894000.0,,,24627876000.0,,,619357000.0,2541200000.0,1844585000.0,72758150000.0,,244079398000.0,
58056,DEUTSCHE BANK SECURITIES INC. ,2013-03-01,2012,Total asset found & match,,,1396000000.0,10170000000.0,,,,,,,125716000000.0,,,23016000000.0,,,623000000.0,2132000000.0,988000000.0,71730000000.0,4275000000.0,240046000000.0,
58056,DEUTSCHE BANK SECURITIES INC. ,2014-03-04,2013,Total asset found & match,,,1219000000.0,11725000000.0,,,,,,,128329000000.0,,,19677000000.0,,,595000000.0,2256000000.0,1638000000.0,51173000000.0,10839000000.0,227451000000.0,
58056,DEUTSCHE BANK SECURITIES INC. ,2015-03-02,2014,Total asset found & match,,,816000000.0,7931000000.0,,,,,,,95451000000.0,,,18674000000.0,,,562000000.0,4730000000.0,1558000000.0,39649000000.0,4267000000.0,173638000000.0,
58056,DEUTSCHE BANK SECURITIES INC. ,2016-02-29,2015,Total asset found & match,,,1098000000.0,8210000000.0,,,,,,,96212000000.0,,,15094000000.0,,,545000000.0,3811000000.0,1371000000.0,31769000000.0,2215000000.0,160325000000.0,
58056,DEUTSCHE BANK SECURITIES INC. ,2017-03-03,2016,Total asset found & match,,,1117000000.0,5158000000.0,,,,,,,75486000000.0,,,1567000000.0,,,517000000.0,2148000000.0,1904000000.0,46536000000.0,1650000000.0,136083000000.0,
58056,DEUTSCHE BANK SECURITIES INC. ,2018-03-12,2017,Total asset found & match,,,1060000000.0,3402000000.0,,,,,,,22256000000.0,,,42314000000.0,,,499000000.0,1790000000.0,3202000000.0,30465000000.0,3103000000.0,108091000000.0,
58056,DEUTSCHE BANK SECURITIES INC. ,2019-03-01,2018,Total asset found & match,,,1196000000.0,,,,,,,,22430000000.0,,,1525000000.0,,,478000000.0,2897000000.0,1013000000.0,61407000000.0,,90946000000.0,
58056,DEUTSCHE BANK SECURITIES INC. ,2019-09-30,2018,Total asset found & match,,,1196000000.0,,,,,,,,22430000000.0,,,1525000000.0,,,478000000.0,2897000000.0,1013000000.0,61407000000.0,,90946000000.0,
58056,DEUTSCHE BANK SECURITIES INC. ,2020-03-02,2019,Total asset found & match,,,2051000000.0,,,,,,,,20058000000.0,,,1847000000.0,,,,1519000000.0,255000000.0,54341000000.0,,80071000000.0,
58056,DEUTSCHE BANK SECURITIES INC. ,2021-03-01,2020,Total asset found & match,,,1717000000.0,,,,,,,,18393000000.0,,,1623000000.0,,,,3160000000.0,561000000.0,46676000000.0,,72130000000.0,
68136,MORGAN STANLEY & CO. LLC ,2002-01-29,2001,Total asset found & match,,,39519916000.0,,,,,,,,,,,148435300000.0,,,52812000.0,4369224000.0,12271618000.0,36352091000.0,13098203000.0,267625461000.0,13526297000.0
68136,MORGAN STANLEY & CO. LLC ,2003-01-30,2002,Total asset found & match,,,32117553000.0,,,,,,,,,,,148786898000.0,,,106242000.0,1740681000.0,10163277000.0,48543232000.0,11938059000.0,265334256000.0,11938314000.0
68136,MORGAN STANLEY & CO. LLC ,2004-01-30,2003,Total asset found & match,,,22385307000.0,,,,,,,,,,,170503811000.0,,,90043000.0,5444361000.0,16428683000.0,55777194000.0,27155496000.0,310888679000.0,13103784000.0
68136,MORGAN STANLEY & CO. LLC ,2005-01-31,2004,Total asset found & no match,,,28854250000.0,,,,,,,,,,,231174332000.0,,,101670000.0,10723023000.0,22965544000.0,67497558000.0,37568640000.0,432415148000.0,13530131000.0
68136,MORGAN STANLEY & CO. LLC ,2006-01-30,2005,Total asset found & match,,268970000.0,31928015000.0,,,,,,,,,,,267887443000.0,,,,6715949000.0,40585304000.0,95671387000.0,43312089000.0,501699713000.0,15330556000.0
68136,MORGAN STANLEY & CO. LLC ,2007-01-29,2006,Total asset found & match,,,18006071000.0,,,,,,,,,,,308801157000.0,,,319122000.0,5807883000.0,72678486000.0,93689885000.0,62821183000.0,583404825000.0,21281038000.0
68136,MORGAN STANLEY & CO. LLC ,2008-01-31,2007,Total asset found & match,,672669000.0,45829883000.0,,,,,,,,,,161042000.0,305552667000.0,,,,7356355000.0,73797586000.0,76686208000.0,82082634000.0,604395450000.0,12256406000.0
68136,MORGAN STANLEY & CO. LLC ,2009-01-29,2008,Total asset found & match,,840793000.0,45871321000.0,,,,,,,,,,161042000.0,146887413000.0,,,,6892568000.0,21946935000.0,52217353000.0,5168112000.0,297422286000.0,17436749000.0
68136,MORGAN STANLEY & CO. LLC ,2010-03-02,2009,Total asset found & match,,,8462827000.0,,,,,,,,,,153042000.0,223569472000.0,,,,5391114000.0,15524258000.0,104831507000.0,13537342000.0,413032207000.0,41562645000.0
68136,MORGAN STANLEY & CO. LLC ,2011-03-02,2010,Total asset found & match,,,4740994000.0,,,,,,,,28797800000.0,,153042000.0,164824483000.0,,,1073902000.0,5552237000.0,13573813000.0,90553783000.0,17593677000.0,372537340000.0,45673609000.0
68136,MORGAN STANLEY & CO. LLC ,2012-02-29,2011,Total asset found & match,,,11201905000.0,,,,,,,,14335351000.0,,146742000.0,148915745000.0,,,1249291000.0,3823743000.0,14243009000.0,81906053000.0,12228388000.0,352293126000.0,64242899000.0
68136,MORGAN STANLEY & CO. LLC ,2013-03-01,2012,Total asset found & match,,,10238063000.0,,,,,,,,13881972000.0,,146742000.0,144684186000.0,,,1235895000.0,5239918000.0,15554447000.0,101162772000.0,16214963000.0,369066424000.0,60707466000.0
68136,MORGAN STANLEY & CO. LLC ,2014-03-04,2013,Total asset found & match,11870000000.0,,19044000000.0,,,,,,,,87183000000.0,,145000000.0,140104000000.0,,,1457000000.0,2944000000.0,,83227000000.0,21522000000.0,367496000000.0,
68136,MORGAN STANLEY & CO. LLC ,2015-03-02,2014,Total asset found & match,13114000000.0,,19901000000.0,,,,,,,,75561000000.0,,145000000.0,145292000000.0,,,1603000000.0,2718000000.0,,63320000000.0,23480000000.0,345134000000.0,
68136,MORGAN STANLEY & CO. LLC ,2016-02-29,2015,Total asset found & match,8660000000.0,,13749000000.0,,,,,,,,63494000000.0,,,137837000000.0,,,1363000000.0,3989000000.0,,57557000000.0,14692000000.0,301341000000.0,
68136,MORGAN STANLEY & CO. LLC ,2017-03-01,2016,Total asset found & match,,,19034000000.0,,,,,,,,79747000000.0,,,110194000000.0,,,,4314000000.0,10750000000.0,65299000000.0,18700000000.0,308038000000.0,
68136,MORGAN STANLEY & CO. LLC ,2018-03-01,2017,Total asset found & match,,,14310000000.0,,,,,,,,83726000000.0,,,113795000000.0,,,,10590000000.0,16929000000.0,44776000000.0,21155000000.0,305281000000.0,
68136,MORGAN STANLEY & CO. LLC ,2019-03-01,2018,Total asset found & match,,,13837000000.0,,,,,,,,93832000000.0,,,96871000000.0,,,,7078000000.0,11766000000.0,63981000000.0,16441000000.0,303806000000.0,
68136,MORGAN STANLEY & CO. LLC ,2021-02-26,2020,Total asset found & match,,,16011000000.0,,,,,,,,91449000000.0,,,121925000000.0,,,,5146000000.0,74182000000.0,94213000000.0,6313000000.0,409239000000.0,
72267,"NOMURA SECURITIES INTERNATIONAL, INC. ",2003-05-30,2002,Total asset found & match,,,879361000.0,,,,,,,,,,,21465383000.0,,,25243000.0,499273000.0,182042000.0,26608435000.0,82841000.0,57702809000.0,7960231000.0
72267,"NOMURA SECURITIES INTERNATIONAL, INC. ",2004-05-28,2003,Total asset found & no match,,,1283381000.0,,,,,,,,,,,29277545000.0,,,,398537000.0,36533000.0,25660248000.0,,63951218000.0,7277881000.0
72267,"NOMURA SECURITIES INTERNATIONAL, INC. ",2005-05-31,2004,Total asset found & match,,,547585000.0,,,,,,,,21232922000.0,,,18232654000.0,,,18111000.0,1472994000.0,121270000.0,37075360000.0,31215000.0,78732111000.0,
72267,"NOMURA SECURITIES INTERNATIONAL, INC. ",2006-05-30,2005,Total asset found & match,,,534993000.0,,,,,,,,21313541000.0,,,16420756000.0,,,20039000.0,1329568000.0,9538000.0,34532947000.0,21553000.0,74182935000.0,
72267,"NOMURA SECURITIES INTERNATIONAL, INC. ",2007-05-29,2006,Total asset found & match,,,511036000.0,,,,,,,,15827458000.0,,,27305288000.0,,,15475000.0,277131000.0,24977000.0,43579453000.0,2014000.0,87542832000.0,
72267,"NOMURA SECURITIES INTERNATIONAL, INC. ",2008-05-30,2007,Total asset found & match,,,705248000.0,,,,,,,,12032000.0,,,14147753000.0,,,8385000.0,124596000.0,13006000.0,1108355000.0,147260000.0,16266635000.0,
72267,"NOMURA SECURITIES INTERNATIONAL, INC. ",2009-06-03,2008,Total asset found & match,,,693162000.0,,,,,,,,2150907000.0,,,8045818000.0,6289000.0,,6472000.0,223777000.0,26230000.0,3121845000.0,5292000.0,14279792000.0,
72267,"NOMURA SECURITIES INTERNATIONAL, INC. ",2010-06-01,2009,Total asset found & no match,,,589690000.0,,,,,,,,,,,17474313000.0,,,25822000.0,479228000.0,192042000.0,19052678000.0,29467000.0,68102304000.0,
72267,"NOMURA SECURITIES INTERNATIONAL, INC. ",2012-03-15,2011,Total asset found & match,,,589666000.0,,,,,,,,35596064000.0,,,19991736000.0,,,,4512546000.0,240416000.0,43859480000.0,37854000.0,104827762000.0,
72267,"NOMURA SECURITIES INTERNATIONAL, INC. ",2012-05-30,2011,Total asset found & match,,,2818750000.0,,,,,,,,43233634000.0,,,17383961000.0,,,74550000.0,1779379000.0,405480000.0,48339600000.0,24141000.0,114059495000.0,
72267,"NOMURA SECURITIES INTERNATIONAL, INC. ",2013-05-30,2012,Total asset found & no match,,,2766532000.0,,,,,,,,48358880000.0,,,18745714000.0,,,55096000.0,1995834000.0,330584000.0,149440356000.0,8818000.0,121701814000.0,
72267,"NOMURA SECURITIES INTERNATIONAL, INC. ",2014-05-30,2013,Total asset found & no match,,,1287868000.0,,,,,,,,45948367000.0,,,23242418000.0,,,41649000.0,1728388000.0,414623000.0,54633089000.0,2807000.0,86247000.0,
72267,"NOMURA SECURITIES INTERNATIONAL, INC. ",2015-06-01,2014,Total asset found & match,,8820000.0,4110362000.0,,,,,,,,41291863000.0,,,19784316000.0,,,,1541015000.0,361621000.0,41860499000.0,1841000.0,108960337000.0,
72267,"NOMURA SECURITIES INTERNATIONAL, INC. ",2016-05-31,2015,Total asset found & match,,4965000.0,1564586000.0,,,,,,,,52777320000.0,,,14941081000.0,,,,1965074000.0,301555000.0,46370824000.0,,117925405000.0,
72267,"NOMURA SECURITIES INTERNATIONAL, INC. ",2017-05-30,2016,Total asset found & match,,6421000.0,779306000.0,,,,,,,,57137334000.0,,,20254860000.0,,,,1012754000.0,948810000.0,61370845000.0,,141510330000.0,
72267,"NOMURA SECURITIES INTERNATIONAL, INC. ",2018-05-25,2017,Total asset found & match,,5805000.0,4674543000.0,,,,,,,,53165953000.0,,,18610960000.0,,,,1026565000.0,1845098000.0,61745024000.0,,141073948000.0,
72267,"NOMURA SECURITIES INTERNATIONAL, INC. ",2019-05-28,2018,Total asset found & match,,6503000.0,3614321000.0,,,,,,,,44133419000.0,,,19885995000.0,,,,692754000.0,1744386000.0,56118796000.0,1346129000.0,127542303000.0,
72267,"NOMURA SECURITIES INTERNATIONAL, INC. ",2020-06-01,2019,Total asset found & match,,19986000.0,6285444000.0,,,,,,,,55660124000.0,,,15593039000.0,,,,2675107000.0,2374583000.0,58630559000.0,1234306000.0,142473148000.0,
782124,J.P. MORGAN SECURITIES LLC ,2002-01-29,2001,Total asset found & match,,,9293474000.0,,,,,,,,26884157000.0,,,51549629000.0,,,,2751879000.0,12373732000.0,34764794000.0,3037956000.0,140655621000.0,
782124,J.P. MORGAN SECURITIES LLC ,2003-01-30,2002,Total asset found & match,,,11771635000.0,,,,,,,,,,,53248182000.0,,,,1440752000.0,14255848000.0,36738953000.0,33104459000.0,150559829000.0,
782124,J.P. MORGAN SECURITIES LLC ,2004-01-30,2003,Total asset found & match,,,10975740000.0,,,,,,,,,,,73616282000.0,,,,2171798000.0,14864846000.0,29054231000.0,33918346000.0,164601243000.0,
782124,J.P. MORGAN SECURITIES LLC ,2004-05-07,2003,Total asset found & match,,-526789000.0,23055242000.0,,,,1257153000.0,,,,232559000.0,,,,,956284000.0,634392000.0,64237000.0,,,,25673078000.0,
782124,J.P. MORGAN SECURITIES LLC ,2005-01-31,2004,Total asset found & match,,,6497981000.0,,,,,,,,,,,71127232000.0,,,,2869373000.0,26288971000.0,41150845000.0,45499066000.0,193433468000.0,
782124,J.P. MORGAN SECURITIES LLC ,2006-01-30,2005,Total asset found & match,,,5887053000.0,,,,,,,,1045130000.0,,,64404847000.0,,,,3475125000.0,26708525000.0,34610896000.0,55675003000.0,191806579000.0,
782124,J.P. MORGAN SECURITIES LLC ,2007-01-29,2006,Total asset found & match,,,8836439000.0,,,,,,,,58802118000.0,,,87001914000.0,,,,6492994000.0,23659358000.0,32039670000.0,19358226000.0,236190719000.0,
782124,J.P. MORGAN SECURITIES LLC ,2008-01-31,2007,Total asset found & match,,,12374765000.0,,,,,,,,66828405000.0,,,88391707000.0,,,,11349034000.0,36062818000.0,27815064000.0,15303311000.0,258125104000.0,
782124,J.P. MORGAN SECURITIES LLC ,2009-03-02,2008,Total asset found & match,,,15327679000.0,,,,,,,,103599473000.0,61166000.0,1250601000.0,99879688000.0,1320289000.0,,,5804126000.0,15627757000.0,149369654000.0,7304324000.0,399544757000.0,
782124,J.P. MORGAN SECURITIES LLC ,2010-03-01,2009,Total asset found & match,,,2796000000.0,,,,,,,,89090000000.0,158000000.0,1338000000.0,85862000000.0,553000000.0,,,4425000000.0,20685000000.0,116531000000.0,7767000000.0,329205000000.0,
782124,J.P. MORGAN SECURITIES LLC ,2011-03-02,2010,Total asset found & match,,,2138000000.0,,,,,,,,103830000000.0,102000000.0,1335000000.0,80849000000.0,,,,5712000000.0,32723000000.0,129951000000.0,5379000000.0,362019000000.0,
782124,J.P. MORGAN SECURITIES LLC ,2012-02-29,2011,Total asset found & match,,,30597000000.0,,,,,,,,94866000000.0,76000000.0,1328000000.0,89879000000.0,,,,5525000000.0,17593000000.0,126666000000.0,4764000000.0,371293000000.0,
782124,J.P. MORGAN SECURITIES LLC ,2013-03-01,2012,Total asset found & match,,,13959000000.0,,,,,,,,107313000000.0,67000000.0,1360000000.0,80717000000.0,,,,6281000000.0,23785000000.0,211878000000.0,6052000000.0,451412000000.0,
782124,J.P. MORGAN SECURITIES LLC ,2014-03-05,2013,Total asset found & match,,,8710000000.0,,,,,,,,99016000000.0,,1360000000.0,91911000000.0,,,,15977000000.0,27365000000.0,122695000000.0,5285000000.0,372319000000.0,
782124,J.P. MORGAN SECURITIES LLC ,2015-02-27,2014,Total asset found & match,,,18965000000.0,,,,,,,,116691000000.0,,1356000000.0,96519000000.0,,,,15582000000.0,30316000000.0,114583000000.0,3349000000.0,397361000000.0,
782124,J.P. MORGAN SECURITIES LLC ,2016-02-29,2015,Total asset found & match,,,27794000000.0,,,,,,,,95470000000.0,,1356000000.0,81176000000.0,,,,16446000000.0,14283000000.0,129159000000.0,3996000000.0,369680000000.0,
782124,J.P. MORGAN SECURITIES LLC ,2017-03-01,2016,Total asset found & match,,,27793000000.0,,,,,,,,115743000000.0,,1356000000.0,75234000000.0,,,,17689000000.0,16419000000.0,117276000000.0,7845000000.0,379355000000.0,
782124,J.P. MORGAN SECURITIES LLC ,2018-02-27,2017,Total asset found & match,,,9096000000.0,,,,,,,,123028000000.0,,1356000000.0,78962000000.0,,,,13727000000.0,23838000000.0,92952000000.0,8211000000.0,351170000000.0,
782124,J.P. MORGAN SECURITIES LLC ,2018-02-28,2017,Total asset found & match,,,9096000000.0,,,,,,,,123028000000.0,,1356000000.0,78962000000.0,,,,13727000000.0,23838000000.0,92952000000.0,8211000000.0,351170000000.0,
782124,J.P. MORGAN SECURITIES LLC ,2019-02-28,2018,Total asset found & match,,,8835000000.0,,,,,,,,143468000000.0,,1356000000.0,79856000000.0,,,,15734000000.0,29248000000.0,179143000000.0,2625000000.0,460265000000.0,
782124,J.P. MORGAN SECURITIES LLC ,2020-04-01,2019,Total asset found & match,,,9594000000.0,,,,,,,,144633000000.0,,1356000000.0,109626000000.0,,,,14650000000.0,31474000000.0,176418000000.0,3194000000.0,490945000000.0,
782124,J.P. MORGAN SECURITIES LLC ,2021-03-01,2020,Total asset found & match,,,11130000000.0,,,,,,,,325769000000.0,,1356000000.0,3107000000.0,,,,28026000000.0,36557000000.0,200824000000.0,3013000000.0,609782000000.0,
803012,TD SECURITIES (USA) LLC ,2002-12-31,2001,Total asset not found,,,13974000.0,,22161000.0,,,,,,2476180000.0,3904000.0,,528149000.0,15634000.0,,,305258000.0,10691000.0,1172181000.0,,,
803012,TD SECURITIES (USA) LLC ,2003-12-31,2002,Total asset found & match,,,13683000.0,,28111000.0,,,,,,2568269000.0,3455000.0,,1155233000.0,2974000.0,,,548580000.0,4854000.0,1858831000.0,,6183990000.0,
803012,TD SECURITIES (USA) LLC ,2005-01-03,2004,Total asset not found,,,31042000.0,,,,,,,,5564862000.0,2435000.0,,523215000.0,17366000.0,,,6664000.0,,1968635000.0,,,
803012,TD SECURITIES (USA) LLC ,2006-01-03,2005,Total asset not found,,,18349000.0,,,,,,,,4392330000.0,2305000.0,,1553474000.0,36184000.0,,,126549000.0,45144000.0,2951064000.0,,,
803012,TD SECURITIES (USA) LLC ,2007-01-29,2006,Total asset not found,,,39140000.0,,19997000.0,,,,,,8001115000.0,17353000.0,,1635930000.0,33322000.0,,,90014000.0,577000.0,1669158000.0,,,
803012,TD SECURITIES (USA) LLC ,2007-12-28,2006,Total asset not found,,,54726000.0,,22043000.0,,,,,,6069258000.0,13782000.0,,1536856000.0,31531000.0,,,89454000.0,,2230881000.0,,,
803012,TD SECURITIES (USA) LLC ,2008-12-30,2007,Total asset not found,,,40830000.0,,30626000.0,,,,,,572046000.0,13331000.0,,1814365000.0,66824000.0,,,452980000.0,,4527787000.0,,,
803012,TD SECURITIES (USA) LLC ,2009-12-29,2008,Total asset not found,,,73479000.0,,28221000.0,,,,,,4990106000.0,13396000.0,,2218678000.0,54565000.0,,,68765000.0,,3986820000.0,,,
803012,TD SECURITIES (USA) LLC ,2010-12-27,2009,Total asset not found,,,71158000.0,,34732000.0,,,,,,8580470000.0,16491000.0,,4997899000.0,91313000.0,,,240329000.0,,8990867000.0,,,
803012,TD SECURITIES (USA) LLC ,2011-12-21,2010,Total asset not found,,,203801000.0,,39513000.0,,,,,,10383368000.0,16456000.0,,1399381000.0,104143000.0,,,238949000.0,,13238006000.0,,,
803012,TD SECURITIES (USA) LLC ,2012-12-26,2011,Total asset not found,,,161668000.0,,48809000.0,,,,,,15491735000.0,24501000.0,,1594794000.0,95135000.0,,,172224000.0,,18271867000.0,,,
803012,TD SECURITIES (USA) LLC ,2013-12-26,2012,Total asset found & match,,,148812000.0,,69278000.0,,,,,,15163129000.0,24696000.0,,937023000.0,113113000.0,,,620763000.0,,16746004000.0,,33822818000.0,
803012,TD SECURITIES (USA) LLC ,2014-12-30,2013,Total asset found & match,,,185532000.0,,50215000.0,,,,,,14075502000.0,24976000.0,,1197507000.0,157913000.0,,,660953000.0,,19566111000.0,,35918709000.0,
803012,TD SECURITIES (USA) LLC ,2015-12-22,2014,Total asset found & match,,,186855000.0,,33972000.0,,,,,,11437747000.0,23421000.0,,1608443000.0,156196000.0,,,1820897000.0,,19551299000.0,,34818830000.0,
803012,TD SECURITIES (USA) LLC ,2016-12-22,2015,Total asset found & match,,,211950000.0,,50949000.0,,,,,,13915989000.0,22552000.0,,1379511000.0,172715000.0,,,566271000.0,,21177908000.0,,37497845000.0,
803012,TD SECURITIES (USA) LLC ,2018-03-22,2017,Total asset found & match,,,212324000.0,,42425000.0,,,,,,13898924000.0,36555000.0,,2262413000.0,191195000.0,,,260112000.0,,29477612000.0,,46381560000.0,
803012,TD SECURITIES (USA) LLC ,2019-12-20,2018,Total asset found & match,,,323290000.0,,48823000.0,,,,,,9447633000.0,38391000.0,,1786082000.0,147592000.0,,,320819000.0,,20570010000.0,,32682640000.0,
803012,TD SECURITIES (USA) LLC ,2020-12-22,2019,Total asset found & match,,,398329000.0,,67812000.0,,,,,,12873704000.0,105343000.0,,3539459000.0,126137000.0,,,307028000.0,,22235277000.0,,39653089000.0,
851376,BARCLAYS CAPITAL INC. ,2002-03-01,2001,Total asset found & match,,,343478000.0,,,,,,,2768000.0,6980603000.0,,,43715072000.0,105577000.0,,,4731244000.0,21365000.0,16738508000.0,,72638615000.0,
851376,BARCLAYS CAPITAL INC. ,2003-03-03,2002,Total asset found & match,,,1039631000.0,,,,,,,5930000.0,21245010000.0,,,40798285000.0,262743000.0,,,1712398000.0,149825000.0,38155586000.0,,103369408000.0,
851376,BARCLAYS CAPITAL INC. ,2004-03-01,2003,Total asset found & match,,,1895568000.0,,,,,,,8282000.0,24293828000.0,,,44982023000.0,263817000.0,,,6073452000.0,659309000.0,35474658000.0,,113650937000.0,
851376,BARCLAYS CAPITAL INC. ,2005-03-02,2004,Total asset found & match,,,1107251000.0,,,,,,,5920000.0,52700754000.0,,,65406961000.0,467645000.0,,,9131634000.0,3402284000.0,42714642000.0,,174937091000.0,
851376,BARCLAYS CAPITAL INC. ,2006-03-01,2005,Total asset found & match,,,3497947000.0,,,,,,,5484000.0,46255942000.0,,,77738250000.0,563429000.0,,,5427999000.0,1063306000.0,59884439000.0,,194436796000.0,
851376,BARCLAYS CAPITAL INC. ,2007-03-14,2006,Total asset found & match,,,4752983000.0,,,,,,,5604000.0,56461499000.0,,,78420428000.0,636866000.0,,,4317540000.0,2175148000.0,89252590000.0,,236022658000.0,
851376,BARCLAYS CAPITAL INC. ,2008-02-29,2007,Total asset found & match,,,5201283000.0,,,,,,,3466000.0,48713456000.0,,,77111876000.0,432242000.0,,,10526075000.0,4225742000.0,151607276000.0,,297821416000.0,
851376,BARCLAYS CAPITAL INC. ,2009-03-02,2008,Total asset found & match,,,10942019000.0,,,,,,,2968000.0,58725696000.0,,,37230895000.0,651977000.0,,,13523861000.0,5502968000.0,113848743000.0,,240429127000.0,
851376,BARCLAYS CAPITAL INC. ,2010-03-01,2009,Total asset found & match,,,1114000000.0,5249000000.0,,,,,,4000000.0,67060000000.0,,,45024000000.0,407000000.0,,,9170000000.0,7988000000.0,167793000000.0,23067000000.0,326876000000.0,
851376,BARCLAYS CAPITAL INC. ,2011-03-15,2010,Total asset found & match,,,522000000.0,5544000000.0,,,,,,,79361000000.0,,,53665000000.0,383000000.0,,,7250000000.0,8223000000.0,159454000000.0,15705000000.0,330107000000.0,
851376,BARCLAYS CAPITAL INC. ,2012-02-29,2011,Total asset found & match,,,967000000.0,2861000000.0,,,,,,,65854000000.0,,,41701000000.0,293000000.0,,,10089000000.0,8890000000.0,156759000000.0,19062000000.0,306476000000.0,
851376,BARCLAYS CAPITAL INC. ,2013-03-01,2012,Total asset found & match,,,252000000.0,5381000000.0,,,,,,,69750000000.0,,,48861000000.0,317000000.0,,,8367000000.0,7548000000.0,148046000000.0,20541000000.0,309063000000.0,
851376,BARCLAYS CAPITAL INC. ,2014-03-04,2013,Total asset found & match,,,765000000.0,5258000000.0,,,,,,,46669000000.0,,,65975000000.0,237000000.0,,,12028000000.0,14842000000.0,130669000000.0,27163000000.0,303606000000.0,
851376,BARCLAYS CAPITAL INC. ,2015-03-02,2014,Total asset found & match,,,637000000.0,3593000000.0,,,,,,,38312000000.0,,,58454000000.0,165000000.0,,,13812000000.0,11849000000.0,74705000000.0,46499000000.0,248026000000.0,
851376,BARCLAYS CAPITAL INC. ,2016-02-29,2015,Total asset found & match,,,158000000.0,4682000000.0,,35818000000.0,,,,,30689000000.0,,,212000000.0,146000000.0,,,11795000000.0,6587000000.0,46880000000.0,35122000000.0,172089000000.0,
851376,BARCLAYS CAPITAL INC. ,2017-03-01,2016,Total asset found & match,,,151000000.0,4641000000.0,,,,,,,56747000000.0,,,217000000.0,134000000.0,,,10458000000.0,13976000000.0,32564000000.0,33623000000.0,152511000000.0,
851376,BARCLAYS CAPITAL INC. ,2018-02-28,2017,Total asset found & match,,,205000000.0,3256000000.0,,25397000000.0,,,,,25358000000.0,,,146000000.0,206000000.0,,,7493000000.0,8118000000.0,36281000000.0,,106460000000.0,
851376,BARCLAYS CAPITAL INC. ,2019-03-01,2018,Total asset found & match,,,273000000.0,3284000000.0,,,,,,,55569000000.0,,,133000000.0,53000000.0,,,5353000000.0,6967000000.0,34034000000.0,,105666000000.0,
851376,BARCLAYS CAPITAL INC. ,2020-03-06,2019,Total asset found & match,,,918000000.0,2537000000.0,,,,,,,47283000000.0,,,485000000.0,39000000.0,,,6260000000.0,9564000000.0,32081000000.0,,99167000000.0,
851376,BARCLAYS CAPITAL INC. ,2021-03-01,2020,Total asset found & match,,,255000000.0,1976000000.0,,,,,,,54626000000.0,,,733000000.0,4000000.0,,,10391000000.0,10994000000.0,33574000000.0,38000000.0,112591000000.0,
853784,HSBC SECURITIES (USA) INC. ,2002-03-01,2001,Total asset found & match,,,173359000.0,,,,,,,,18851647000.0,,,273807000.0,4194137000.0,,,4698136000.0,,5855491000.0,1179555000.0,35226132000.0,
853784,HSBC SECURITIES (USA) INC. ,2006-03-01,2005,Total asset found & match,,,190360000.0,,,,,,,,21828991000.0,,14419000.0,318581000.0,15861528000.0,,,2029265000.0,,9632636000.0,149909000.0,50025689000.0,
853784,HSBC SECURITIES (USA) INC. ,2007-03-01,2006,Total asset found & match,,,298234000.0,,,,,,,,29077760000.0,,14419000.0,296578000.0,35553828000.0,,,3566309000.0,,12335193000.0,293115000.0,81435436000.0,
853784,HSBC SECURITIES (USA) INC. ,2007-03-09,2006,Total asset found & match,,,298234000.0,,,,,,,,29077760000.0,,14419000.0,296578000.0,35553828000.0,,,3566309000.0,,12335193000.0,293115000.0,81435436000.0,
853784,HSBC SECURITIES (USA) INC. ,2008-02-29,2007,Total asset found & match,,,346495000.0,,,,,,,,19816049000.0,,14419000.0,315330000.0,33093883000.0,,,3349282000.0,,11820386000.0,79763000.0,68835607000.0,
853784,HSBC SECURITIES (USA) INC. ,2009-03-02,2008,Total asset found & match,,,721565000.0,,,,,,,,14045810000.0,,14419000.0,241924000.0,23827406000.0,,,3856652000.0,,17776844000.0,1059238000.0,61543858000.0,
853784,HSBC SECURITIES (USA) INC. ,2010-03-01,2009,Total asset found & match,,,331517000.0,,,,,,,,11683332000.0,,14419000.0,178287000.0,31872471000.0,,,4942793000.0,,11198020000.0,463122000.0,60683961000.0,
853784,HSBC SECURITIES (USA) INC. ,2011-03-01,2010,Total asset found & match,,,496116000.0,,,,,,,,15391055000.0,,14419000.0,267564000.0,32636434000.0,,,966524000.0,,33005319000.0,1073549000.0,83850980000.0,
853784,HSBC SECURITIES (USA) INC. ,2012-02-29,2011,Total asset found & match,,,683295000.0,,,,,,,,11372747000.0,,14419000.0,190832000.0,21585056000.0,,,1859302000.0,,19434554000.0,563881000.0,55704086000.0,
853784,HSBC SECURITIES (USA) INC. ,2013-03-01,2012,Total asset found & match,,,591339000.0,,,,,,,,16234871000.0,,10865000.0,214823000.0,19231471000.0,,,1296385000.0,,40320285000.0,,77900039000.0,
853784,HSBC SECURITIES (USA) INC. ,2014-03-04,2013,Total asset found & match,,,548828000.0,,,,,,,,12572646000.0,,10865000.0,239077000.0,20100477000.0,,,1967269000.0,,37810885000.0,1064907000.0,74314954000.0,
853784,HSBC SECURITIES (USA) INC. ,2015-03-09,2014,Total asset found & match,,,512068000.0,,,,,,,,15127148000.0,,10865000.0,177883000.0,26887141000.0,,,1955952000.0,,35784349000.0,963107000.0,81418513000.0,
853784,HSBC SECURITIES (USA) INC. ,2016-03-01,2015,Total asset found & match,,,706210000.0,,,,,,,,6517540000.0,,10865000.0,182867000.0,23514846000.0,,,2286667000.0,190665000.0,38170850000.0,,71580510000.0,
853784,HSBC SECURITIES (USA) INC. ,2017-03-01,2016,Total asset found & match,,,784872000.0,,,,,,,,7684546000.0,,10865000.0,196434000.0,,,,2246120000.0,93440000.0,60742890000.0,,71759167000.0,
853784,HSBC SECURITIES (USA) INC. ,2018-03-05,2017,Total asset found & match,,,967339000.0,,,,,,,,33188645000.0,,10865000.0,318040000.0,,,,9444065000.0,127136000.0,47252508000.0,,91308598000.0,
853784,HSBC SECURITIES (USA) INC. ,2019-03-01,2018,Total asset found & match,,,459000000.0,,,,,,,,21002000000.0,,11000000.0,466000000.0,23093000000.0,,,1381000000.0,510000000.0,58151000000.0,,105062000000.0,
853784,HSBC SECURITIES (USA) INC. ,2020-03-02,2019,Total asset found & match,,,1339000000.0,,,,,,,,12630000000.0,,,614000000.0,17571000000.0,,,2370000000.0,252000000.0,42556000000.0,,77321000000.0,
853784,HSBC SECURITIES (USA) INC. ,2021-03-01,2020,Total asset found & match,,,894000000.0,,,,,,,,9153000000.0,,,295000000.0,11758000000.0,,,4154000000.0,269000000.0,20643000000.0,,47166000000.0,
867626,MUFG SECURITIES AMERICAS INC. ,2004-04-28,2003,Total asset found & match,,,32054929.0,,1083500.0,,,,,,,,,6387494.0,509936.0,,1298340.0,118943634.0,30495237.0,1339767609.0,,1530540679.0,
867626,MUFG SECURITIES AMERICAS INC. ,2005-04-29,2004,Total asset found & match,,,13184784.0,,772307.0,500000.0,,,,,9906250.0,,,18284809.0,1151966.0,,950045.0,336290911.0,227667.0,1274025949.0,14665708.0,1669960396.0,
867626,MUFG SECURITIES AMERICAS INC. ,2006-04-28,2005,Total asset found & match,,,13543817.0,,365885.0,,,,,,170956819.0,,,50681794.0,14552451.0,,790372.0,308756037.0,730510.0,3854682610.0,26647927.0,4441708222.0,
867626,MUFG SECURITIES AMERICAS INC. ,2007-04-26,2006,Total asset found & match,,,53726673.0,,527365.0,,,,,,5011000.0,,,66685194.0,3489228.0,,6650486.0,26512573.0,4474051.0,4255610624.0,,4422687194.0,
867626,MUFG SECURITIES AMERICAS INC. ,2008-02-29,2007,Total asset found & match,,,12039682.0,,826489.0,,,,,,,,,9133613.0,3021353.0,,6482088.0,194047565.0,986828.0,2898414512.0,,3124952027.0,
867626,MUFG SECURITIES AMERICAS INC. ,2009-03-02,2008,Total asset found & match,,,16205030.0,,1237716.0,,,,,,,,,10593417.0,7394344.0,,7743114.0,580888637.0,4764542.0,5907879904.0,,6536706704.0,
867626,MUFG SECURITIES AMERICAS INC. ,2011-03-01,2010,Total asset found & match,,,76412479.0,,7186159.0,,,,,,839065499.0,,,1980647229.0,14221667.0,,10242855.0,90442633.0,,17877381699.0,,20895600220.0,
867626,MUFG SECURITIES AMERICAS INC. ,2012-02-29,2011,Total asset found & match,,,214410000.0,,9933000.0,,,,,,1374907000.0,,,2465196000.0,16345000.0,,9225000.0,172708000.0,,25283221000.0,,29545945000.0,
867626,MUFG SECURITIES AMERICAS INC. ,2014-03-04,2013,Total asset found & match,,,88201000.0,,30774000.0,18682000.0,,,,,1453150000.0,,,4109989000.0,25854000.0,,7262000.0,85513000.0,18000.0,23266993000.0,,29086436000.0,
867626,MUFG SECURITIES AMERICAS INC. ,2016-02-26,2015,Total asset found & match,,,124626000.0,,22800000.0,57201000.0,,,,,2656154000.0,,,7159656000.0,36173000.0,,40160000.0,136852000.0,277000.0,23933272000.0,,34167171000.0,
867626,MUFG SECURITIES AMERICAS INC. ,2017-02-28,2016,Total asset found & match,,,116143000.0,,33393000.0,91739000.0,,,,,7990847000.0,,,5671398000.0,59843000.0,,45174000.0,1177074000.0,5899000.0,14060375000.0,,29251885000.0,
867626,MUFG SECURITIES AMERICAS INC. ,2018-02-27,2017,Total asset found & match,,,97924000.0,,11503000.0,102134000.0,,,,,9738678000.0,,,5117400000.0,95226000.0,,55114000.0,990978000.0,16843000.0,15836010000.0,,32061810000.0,
867626,MUFG SECURITIES AMERICAS INC. ,2019-02-27,2018,Total asset found & match,,,84384000.0,,18776000.0,49533000.0,,,,,10603805000.0,,,5529949000.0,127311000.0,,46443000.0,475598000.0,7174000.0,16900550000.0,,33843523000.0,
867626,MUFG SECURITIES AMERICAS INC. ,2020-02-27,2019,Total asset found & match,,,197056000.0,,19561000.0,51669000.0,,,,,9281514000.0,,,6736812000.0,130550000.0,,99609000.0,632996000.0,32492000.0,17262421000.0,,34444680000.0,
867626,MUFG SECURITIES AMERICAS INC. ,2021-02-26,2020,Total asset found & match,,,95614000.0,,17700000.0,109347000.0,,,,,14074449000.0,,,48577000.0,55092000.0,,92588000.0,609290000.0,4038000.0,11205873000.0,6401687000.0,32714255000.0,
87634,"CHARLES SCHWAB & CO., INC. ",2002-03-15,2001,Total asset not found,,,18567000000.0,,,,,,,,317000000.0,,,246000000.0,,,824000000.0,401000000.0,9587000000.0,,,,
87634,"CHARLES SCHWAB & CO., INC. ",2003-02-27,2002,Total asset not found,,,21614000000.0,,,,,,,,317000000.0,,,280000000.0,,,645000000.0,199000000.0,6840000000.0,,,,
87634,"CHARLES SCHWAB & CO., INC. ",2006-02-28,2005,Total asset found & match,,,15843000000.0,,,,,,,,395000000.0,,,358000000.0,,,620000000.0,817000000.0,10721000000.0,,,28754000000.0,
87634,"CHARLES SCHWAB & CO., INC. ",2006-09-21,2005,Total asset found & match,,,486000000.0,,,,,,,,395000000.0,,,15715000000.0,,,620000000.0,817000000.0,10721000000.0,,,28754000000.0,
87634,"CHARLES SCHWAB & CO., INC. ",2007-03-01,2006,Total asset found & match,,,12093000000.0,,126000000.0,,,,,,311000000.0,,,301000000.0,,,537000000.0,647000000.0,10918000000.0,,,24933000000.0,
87634,"CHARLES SCHWAB & CO., INC. ",2008-03-03,2007,Total asset found & match,,,2286000000.0,8655000000.0,149000000.0,,,,,,583000000.0,,416000000.0,323000000.0,,,561000000.0,724000000.0,12277000000.0,,,25974000000.0,
87634,"CHARLES SCHWAB & CO., INC. ",2009-02-27,2008,Total asset found & match,,,733000000.0,14685000000.0,,,,,,,518000000.0,,416000000.0,357000000.0,,,579000000.0,707000000.0,7144000000.0,,,25139000000.0,
87634,"CHARLES SCHWAB & CO., INC. ",2010-03-01,2009,Total asset found & match,,,1251000000.0,18373000000.0,,,,,,,403000000.0,,428000000.0,463000000.0,,,567000000.0,539000000.0,8633000000.0,,,30657000000.0,
87634,"CHARLES SCHWAB & CO., INC. ",2011-02-28,2010,Total asset found & match,,,81000000.0,22749000000.0,,,,,,,246000000.0,,428000000.0,382000000.0,,,557000000.0,407000000.0,11267000000.0,,,36117000000.0,
87634,"CHARLES SCHWAB & CO., INC. ",2012-03-05,2011,Total asset found & match,,,1117000000.0,24999000000.0,,,,,,,504000000.0,,428000000.0,386000000.0,,,617000000.0,193000000.0,10925000000.0,,,39169000000.0,
87634,"CHARLES SCHWAB & CO., INC. ",2013-02-26,2012,Total asset found & match,,,1008000000.0,27417000000.0,,,,,,,561000000.0,,428000000.0,461000000.0,,,609000000.0,297000000.0,13378000000.0,,,44159000000.0,
87634,"CHARLES SCHWAB & CO., INC. ",2014-02-26,2013,Total asset found & match,,,24467000000.0,,,,,,,,437000000.0,,428000000.0,492000000.0,,,633000000.0,471000000.0,13781000000.0,,,40709000000.0,
87634,"CHARLES SCHWAB & CO., INC. ",2015-02-25,2014,Total asset found & match,,,1998000000.0,19902000000.0,,,,,,,442000000.0,,428000000.0,567000000.0,,,691000000.0,404000000.0,15518000000.0,,,39950000000.0,
87634,"CHARLES SCHWAB & CO., INC. ",2017-02-27,2016,Total asset found & match,,,1908000000.0,21217000000.0,,,,,,,373000000.0,,428000000.0,591000000.0,,,825000000.0,589000000.0,17063000000.0,,,42994000000.0,
87634,"CHARLES SCHWAB & CO., INC. ",2018-02-27,2017,Total asset found & match,,,641000000.0,14954000000.0,,,,,,,462000000.0,,1010000000.0,598000000.0,,,897000000.0,642000000.0,20652000000.0,,,39856000000.0,
87634,"CHARLES SCHWAB & CO., INC. ",2019-02-26,2018,Total asset found & match,,,2669000000.0,13363000000.0,,,,,,,429000000.0,,935000000.0,891000000.0,,,980000000.0,547000000.0,22244000000.0,,,42058000000.0,
87634,"CHARLES SCHWAB & CO., INC. ",2020-02-27,2019,Total asset found & no match,,,3337000000.0,20334000000.0,,,,,,,,,,3047000000.0,,,937000000.0,,21844000000.0,,,50434000000.0,
87634,"CHARLES SCHWAB & CO., INC. ",2021-02-26,2020,Total asset found & match,,,3144000000.0,34988000000.0,,,,,,,,,2542000000.0,2996000000.0,,,1065000000.0,,30184000000.0,,,74919000000.0,
877559,ING FINANCIAL MARKETS LLC ,2002-03-01,2001,Total asset found & match,,,86362000.0,,,7578367000.0,,,,4116000.0,,,,751000.0,,,,147285000.0,,137250000.0,182954000.0,8137085000.0,
877559,ING FINANCIAL MARKETS LLC ,2003-03-03,2002,Total asset found & match,,,26443000.0,,,6272118000.0,,,,2022000.0,22607000.0,,,2320000.0,,,,69774000.0,,8870000.0,680381000.0,7084535000.0,
877559,ING FINANCIAL MARKETS LLC ,2004-03-01,2003,Total asset found & match,,,4799000.0,,,9757051000.0,,,,1278000.0,20582000.0,,,326000.0,,,,44876000.0,,237308000.0,1441181000.0,11507401000.0,
877559,ING FINANCIAL MARKETS LLC ,2005-03-01,2004,Total asset found & match,,,29399000.0,,,19446043000.0,,,,1278000.0,,,,420000.0,,,,93589000.0,,466615000.0,897275000.0,20934619000.0,
877559,ING FINANCIAL MARKETS LLC ,2006-03-01,2005,Total asset found & match,,,18116000.0,,,17413714000.0,,,,1278000.0,193909000.0,,,338000.0,468000.0,,,138358000.0,,6347589000.0,1439191000.0,25552961000.0,
877559,ING FINANCIAL MARKETS LLC ,2007-03-01,2006,Total asset found & match,,,69371000.0,,,35141768000.0,,,,163000.0,152776000.0,,,145000.0,5331000.0,,,512712000.0,,20179820000.0,960048000.0,57022134000.0,
877559,ING FINANCIAL MARKETS LLC ,2008-02-29,2007,Total asset found & match,,,177041000.0,,,41372190000.0,,,,163000.0,271057000.0,,,2139000.0,1081000.0,,,538205000.0,,36008770000.0,1567093000.0,79937739000.0,
877559,ING FINANCIAL MARKETS LLC ,2009-03-02,2008,Total asset found & match,,,144376000.0,,,,,,,163000.0,317327000.0,,,24991942000.0,3781000.0,,,51400000.0,135075000.0,17817347000.0,123448000.0,43584859000.0,
877559,ING FINANCIAL MARKETS LLC ,2010-03-01,2009,Total asset found & match,,,143519000.0,,,,,,,163000.0,370366000.0,,,24118834000.0,1739000.0,,,287144000.0,115589000.0,10871662000.0,1556988000.0,37466004000.0,
877559,ING FINANCIAL MARKETS LLC ,2011-03-01,2010,Total asset found & match,,,353726000.0,,,,,,,,1230189000.0,,,14698695000.0,242000.0,,,125652000.0,17651000.0,13474500000.0,2268084000.0,32168739000.0,
877559,ING FINANCIAL MARKETS LLC ,2012-02-29,2011,Total asset found & match,,,91429000.0,,3756000.0,,,,,,267143000.0,,,13449956000.0,718000.0,,,363383000.0,3459000.0,14192227000.0,2371762000.0,30743833000.0,
877559,ING FINANCIAL MARKETS LLC ,2013-03-01,2012,Total asset found & match,,,100538000.0,,,,,,,,16696000.0,,,8559646000.0,1009000.0,,,176012000.0,66426000.0,13692773000.0,2525786000.0,25138886000.0,
877559,ING FINANCIAL MARKETS LLC ,2014-03-04,2013,Total asset found & match,,,171537000.0,,,,,,,,706120000.0,,,13725704000.0,839000.0,,,142492000.0,801000.0,15376576000.0,3153209000.0,33277278000.0,
877559,ING FINANCIAL MARKETS LLC ,2015-03-02,2014,Total asset found & match,,,215058000.0,,,,,,,,2117110000.0,,,10839272000.0,2092000.0,,,121117000.0,58338000.0,16465711000.0,2347582000.0,32166280000.0,
877559,ING FINANCIAL MARKETS LLC ,2016-02-29,2015,Total asset found & match,,,296141000.0,,,,,,,,715323000.0,,,13357376000.0,2019000.0,,,387897000.0,866000.0,16290707000.0,2656988000.0,33707317000.0,
877559,ING FINANCIAL MARKETS LLC ,2016-04-25,2015,Total asset found & match,,,296141000.0,,,,,,,,715323000.0,,,13357376000.0,2019000.0,,,387897000.0,866000.0,16290707000.0,2656988000.0,33707317000.0,
877559,ING FINANCIAL MARKETS LLC ,2018-04-02,2017,Total asset found & match,,,469450000.0,,,8693428000.0,,,,,22420000.0,,,10565000.0,3386000.0,,,165917000.0,3731000.0,22733696000.0,2531380000.0,34633973000.0,
877559,ING FINANCIAL MARKETS LLC ,2018-04-05,2017,Total asset found & match,,,101809000.0,,,,,,,,313923000.0,,,8594848000.0,1257000.0,,,415929000.0,76665000.0,15843203000.0,2390969000.0,27738603000.0,
877559,ING FINANCIAL MARKETS LLC ,2019-03-01,2018,Total asset found & match,,,557226000.0,,,10936978000.0,,,,,1744000.0,,,7121000.0,3741000.0,,,282111000.0,681318000.0,39094947000.0,2434301000.0,53999487000.0,
877559,ING FINANCIAL MARKETS LLC ,2020-03-02,2019,Total asset found & match,,,629448000.0,,,,,,,,49175000.0,,,5027830000.0,5098000.0,,,118370000.0,1383435000.0,21392935000.0,2506421000.0,31112712000.0,
877559,ING FINANCIAL MARKETS LLC ,2021-03-01,2020,Total asset found & match,,,568531000.0,,,,,,,,9652000.0,,,13189103000.0,3855000.0,,,58182000.0,1061187000.0,15878690000.0,1478649000.0,32247849000.0,
890203,MIRAE ASSET SECURITIES (USA) INC. ,2002-03-01,2001,Total asset found & match,,,1060180.0,,,,,,,,,,,9163326.0,,,99989.0,8575957.0,,,,19188117.0,288665.0
890203,MIRAE ASSET SECURITIES (USA) INC. ,2003-02-28,2002,Total asset found & match,,73822.0,2597914.0,,,,,,,,,,,8710526.0,,,,49033.0,,,,11724897.0,293602.0
890203,MIRAE ASSET SECURITIES (USA) INC. ,2004-05-03,2003,Total asset found & match,,44947.0,3259500.0,,,,,,,,,,,6360076.0,,,,1960701.0,,,,11625224.0,
890203,MIRAE ASSET SECURITIES (USA) INC. ,2005-02-22,2004,Total asset found & match,,,1340729.0,,,,,,,,,,,9324254.0,,,31783.0,117060.0,,,,10813826.0,
890203,MIRAE ASSET SECURITIES (USA) INC. ,2006-02-28,2005,Total asset found & match,,,759658.0,,,587842.0,,,,,3469551.0,,,6941782.0,,,17222.0,250550.0,,,,12026605.0,
890203,MIRAE ASSET SECURITIES (USA) INC. ,2007-05-30,2006,Total asset found & match,,9880.0,545023.0,,,,,,,,7812949.0,,,789575.0,112346.0,,,103903.0,,,,12382376.0,3008700.0
890203,MIRAE ASSET SECURITIES (USA) INC. ,2008-05-30,2007,Total asset found & match,,15634.0,853246.0,,,,,,,,10819832.0,,,218668.0,236419.0,,,205949.0,,,,13270613.0,920865.0
890203,MIRAE ASSET SECURITIES (USA) INC. ,2009-05-28,2008,Total asset found & match,,24019.0,1075725.0,,,,,,,,5693448.0,,,3798154.0,94262.0,,,3401643.0,,,,14087251.0,
890203,MIRAE ASSET SECURITIES (USA) INC. ,2010-05-28,2009,Total asset found & match,,233243.0,6914575.0,,,,,,,,2460359.0,,,2132880.0,205987.0,278578.0,,853749.0,,,,13079371.0,
890203,MIRAE ASSET SECURITIES (USA) INC. ,2011-05-31,2010,Total asset found & match,,,5628892.0,,,,,,,,1048268.0,,,3676173.0,171998.0,,187587.0,217578.0,,,,10930496.0,
890203,MIRAE ASSET SECURITIES (USA) INC. ,2012-05-30,2011,Total asset found & match,,,1953043.0,,,,,,,,770284.0,,,6482637.0,159579.0,,145682.0,284966.0,,,,9796191.0,
890203,MIRAE ASSET SECURITIES (USA) INC. ,2013-05-29,2012,Total asset found & match,,,2255301.0,,,,,,,,5926394.0,,,314374.0,162138.0,,95917.0,267631.0,,,,9021755.0,
890203,MIRAE ASSET SECURITIES (USA) INC. ,2014-02-28,2013,Total asset found & match,,,1870039.0,,,,,,,,5806944.0,,,228346.0,139835.0,,383289.0,142306.0,,,,8570759.0,
890203,MIRAE ASSET SECURITIES (USA) INC. ,2015-03-02,2014,Total asset found & match,,,3569035.0,,,,,,,,4168710.0,,,156246.0,186248.0,,309591.0,131334.0,,,,8521164.0,
890203,MIRAE ASSET SECURITIES (USA) INC. ,2016-02-26,2015,Total asset found & match,,,3381733.0,,,,,,,,4057330.0,,,171441.0,137652.0,,255983.0,254164.0,,,,8258303.0,
890203,MIRAE ASSET SECURITIES (USA) INC. ,2017-03-15,2016,Total asset found & match,,,228899337.0,,,,,,,,15037700.0,,,1760662.0,66746.0,3580313.0,778719.0,190532.0,,,,250314009.0,
890203,MIRAE ASSET SECURITIES (USA) INC. ,2018-03-01,2017,Total asset found & no match,,,105223.0,,,,,,,,160331.0,,,2104712.0,176.0,3732.0,1028.0,4154780.0,92367.0,25128042.0,280975.0,29953888.0,
890203,MIRAE ASSET SECURITIES (USA) INC. ,2019-03-07,2018,Total asset found & match,,,50328.0,,,,,,,,10555.0,,,5478088.0,71.0,747.0,935.0,301678.0,16101.0,38232362.0,468868.0,44559733.0,
890203,MIRAE ASSET SECURITIES (USA) INC. ,2020-03-02,2019,Total asset found & match,,,53507.0,,,,,,,,149650.0,,,3427143.0,4.0,810.0,865.0,167101.0,73847.0,46964912.0,992430.0,51830269.0,
890203,MIRAE ASSET SECURITIES (USA) INC. ,2020-03-05,2019,Total asset found & match,,,53507.0,,,,,,,,149650.0,,,3427143.0,4.0,810.0,865.0,167101.0,73847.0,46964912.0,992430.0,51830269.0,
890203,MIRAE ASSET SECURITIES (USA) INC. ,2021-03-01,2020,Total asset found & match,,,91104.0,,2376.0,,,,,,10000.0,,,4284429.0,,477.0,950.0,254933.0,83627.0,35193075.0,1335881.0,41256852.0,
895502,"RBC CAPITAL MARKETS, LLC ",1998-11-13,1997,Total asset not found,,,26328000.0,,,163607000.0,,,,,,,,60669000.0,15204000.0,,,141164000.0,1178004000.0,,,,
895502,"RBC CAPITAL MARKETS, LLC ",2002-12-30,2001,Total asset found & match,,28450000.0,157273000.0,,,,,,,,669481000.0,,128879000.0,23640000.0,255973000.0,,,348461000.0,1205889000.0,173834000.0,,2991880000.0,
895502,"RBC CAPITAL MARKETS, LLC ",2004-08-05,2003,Total asset found & no match,,,146188000.0,,75612000.0,,,,,,857813000.0,,142560000.0,582082000.0,323060000.0,,60090000.0,131733000.0,1321027000.0,251549000.0,,3700139000.0,
895502,"RBC CAPITAL MARKETS, LLC ",2005-01-21,2004,Total asset found & no match,,,31487000.0,,16364000.0,,,,,,3036322000.0,,118380000.0,1125862000.0,192483000.0,,38134000.0,265101000.0,1475694000.0,451150000.0,,5233749000.0,
895502,"RBC CAPITAL MARKETS, LLC ",2005-12-29,2004,Total asset found & match,,,96959000.0,,50798000.0,,,,,,1957948000.0,,118976000.0,841096000.0,307043000.0,,26470000.0,202893000.0,1656781000.0,256748000.0,,5515712000.0,
895502,"RBC CAPITAL MARKETS, LLC ",2006-12-28,2005,Total asset found & match,,,97357000.0,,82754000.0,,,,,,4297289000.0,,118976000.0,932391000.0,393944000.0,,44381000.0,1169027000.0,1646821000.0,410380000.0,,9193320000.0,
895502,"RBC CAPITAL MARKETS, LLC ",2007-12-31,2006,Total asset not found,,,262152000.0,,109422000.0,,,,,,3871549000.0,,152723000.0,982301000.0,397939000.0,,93386000.0,1149557000.0,1236666000.0,79973000.0,,,
895502,"RBC CAPITAL MARKETS, LLC ",2008-02-15,2007,Total asset not found,,,262152000.0,,109422000.0,,,,,,3871549000.0,,152723000.0,982301000.0,397939000.0,,93386000.0,1149557000.0,1236666000.0,79973000.0,,,
895502,"RBC CAPITAL MARKETS, LLC ",2009-12-30,2008,Total asset found & no match,,,479004000.0,,311589000.0,,,,,,14428519000.0,290845000.0,775308000.0,4741902000.0,2055121000.0,,,3381829000.0,1030175000.0,8305197000.0,,36158487000.0,
895502,"RBC CAPITAL MARKETS, LLC ",2011-07-05,2010,Total asset found & match,,,591336000.0,,375855000.0,,,,,,13725235000.0,299462000.0,777280000.0,5481206000.0,1903415000.0,,,2787436000.0,1717829000.0,14010447000.0,,41669501000.0,
895502,"RBC CAPITAL MARKETS, LLC ",2011-12-29,2010,Total asset found & match,,,870389000.0,,,,,,,,12928838000.0,347744000.0,1746550000.0,6473318000.0,440463000.0,,,2646640000.0,1511612000.0,16114336000.0,,43079890000.0,
895502,"RBC CAPITAL MARKETS, LLC ",2012-12-28,2011,Total asset found & match,,,1233971000.0,,,,,,,,13789972000.0,330250000.0,1746550000.0,7894457000.0,524902000.0,,,3479792000.0,1417243000.0,39848880000.0,,70266017000.0,
895502,"RBC CAPITAL MARKETS, LLC ",2014-01-02,2013,Total asset found & match,,,2015354000.0,,,,,,,,18152081000.0,341028000.0,1746550000.0,9408526000.0,548286000.0,,,3181107000.0,1352202000.0,30841366000.0,182734000.0,67769234000.0,
895502,"RBC CAPITAL MARKETS, LLC ",2014-12-29,2013,Total asset found & match,,,172902000.0,1236163000.0,,,,,,,21146824000.0,193035000.0,1923507000.0,10773943000.0,,,,1881585000.0,2166921000.0,35920140000.0,538309000.0,75953329000.0,
895502,"RBC CAPITAL MARKETS, LLC ",2015-12-30,2014,Total asset found & match,,,233217000.0,2432787000.0,,,,,,,19934309000.0,209657000.0,1936847000.0,12142324000.0,,,,1375966000.0,2262400000.0,41116980000.0,669738000.0,82314225000.0,
895502,"RBC CAPITAL MARKETS, LLC ",2016-12-28,2015,Total asset found & match,,,233501000.0,2431611000.0,,,,,,,19276708000.0,400247000.0,1757986000.0,11270773000.0,,,,1382484000.0,7313884000.0,37661986000.0,574960000.0,82304140000.0,
895502,"RBC CAPITAL MARKETS, LLC ",2017-12-26,2016,Total asset found & match,,,176780000.0,2624065000.0,,,,,,,24776492000.0,382573000.0,1785781000.0,13289322000.0,,,,992228000.0,5105549000.0,28448911000.0,1099215000.0,78680916000.0,
895502,"RBC CAPITAL MARKETS, LLC ",2019-06-17,2018,Total asset found & match,,,204023000.0,2506831000.0,,,,,,,13561647000.0,419617000.0,1800810000.0,13477564000.0,,,,1325985000.0,9963216000.0,15214633000.0,1689285000.0,60163611000.0,
895502,"RBC CAPITAL MARKETS, LLC ",2019-12-23,2018,Total asset found & match,,,336177000.0,2033546000.0,,,,,,,12557912000.0,536698000.0,1757358000.0,10468021000.0,,,,2096753000.0,11450075000.0,17902104000.0,1353583000.0,60492227000.0,
91154,CITIGROUP GLOBAL MARKETS INC. ,2002-03-01,2001,Total asset found & match,,1076000000.0,4848000000.0,,,43735000000.0,,,,,4319000000.0,,,26951000000.0,,,,13049000000.0,18635000000.0,65022000000.0,,225279000000.0,47644000000.0
91154,CITIGROUP GLOBAL MARKETS INC. ,2003-03-03,2002,Total asset found & match,,,2579000000.0,,,42750000000.0,,,,,4675000000.0,,387000000.0,26957000000.0,,,915000000.0,6282000000.0,15205000000.0,61767000000.0,,197117000000.0,35600000000.0
91154,CITIGROUP GLOBAL MARKETS INC. ,2004-02-27,2003,Total asset found & match,,,2653000000.0,,,43025000000.0,,,,,5469000000.0,,375000000.0,40641000000.0,,,705000000.0,6930000000.0,16071000000.0,64019000000.0,,231204000000.0,51316000000.0
91154,CITIGROUP GLOBAL MARKETS INC. ,2005-03-01,2004,Total asset found & match,,,3571000000.0,,,62820000000.0,,,,,2890000000.0,,403000000.0,57865000000.0,,,632000000.0,13149000000.0,18417000000.0,83285000000.0,,278859000000.0,35827000000.0
91154,CITIGROUP GLOBAL MARKETS INC. ,2007-03-01,2006,Total asset found & match,,,8385000000.0,,,132087000000.0,,,,,6686000000.0,,1460000000.0,90379000000.0,,,902000000.0,8138000000.0,20963000000.0,71042000000.0,,377951000000.0,37909000000.0
91154,CITIGROUP GLOBAL MARKETS INC. ,2008-02-29,2007,Total asset found & match,,,8962000000.0,,,130299000000.0,,,,,1425000000.0,,1407000000.0,88328000000.0,,,890000000.0,10843000000.0,24284000000.0,70201000000.0,,363162000000.0,26523000000.0
91154,CITIGROUP GLOBAL MARKETS INC. ,2009-03-02,2008,Total asset found & match,,,9836000000.0,,,80082000000.0,,,,,888000000.0,,1487000000.0,48592000000.0,,,1050000000.0,8375000000.0,19820000000.0,83409000000.0,,286825000000.0,33286000000.0
91154,CITIGROUP GLOBAL MARKETS INC. ,2010-03-02,2009,Total asset found & match,,,10426000000.0,,,100752000000.0,,,,,,,171000000.0,75314000000.0,,,765000000.0,6490000000.0,19787000000.0,82677000000.0,,314356000000.0,17974000000.0
91154,CITIGROUP GLOBAL MARKETS INC. ,2011-03-01,2010,Total asset found & match,,709000000.0,14815000000.0,,,90163000000.0,,,,,,,159000000.0,78684000000.0,,,,4507000000.0,16970000000.0,66222000000.0,,288409000000.0,16180000000.0
91154,CITIGROUP GLOBAL MARKETS INC. ,2012-02-29,2011,Total asset found & match,,624000000.0,12260000000.0,,,92171000000.0,,,,,,,156000000.0,61290000000.0,,,,3105000000.0,16019000000.0,65177000000.0,,269150000000.0,18348000000.0
91154,CITIGROUP GLOBAL MARKETS INC. ,2013-03-01,2012,Total asset found & match,,546000000.0,11390000000.0,,,88952000000.0,,,,,,,145000000.0,59925000000.0,,,,3479000000.0,7336000000.0,64795000000.0,,251522000000.0,14954000000.0
91154,CITIGROUP GLOBAL MARKETS INC. ,2014-03-04,2013,Total asset found & match,,,5071000000.0,,,,,,,,,,145000000.0,55194000000.0,,,465000000.0,8086000000.0,5037000000.0,156078000000.0,10921000000.0,253600000000.0,12603000000.0
91154,CITIGROUP GLOBAL MARKETS INC. ,2016-03-01,2015,Total asset found & match,,,3641000000.0,,,,,,,,,,145000000.0,52430000000.0,,,279000000.0,8322000000.0,7539000000.0,160671000000.0,8716000000.0,253416000000.0,11673000000.0
91154,CITIGROUP GLOBAL MARKETS INC. ,2017-03-02,2016,Total asset found & match,,,5386000000.0,,,,,,,,,,145000000.0,213846000000.0,,,71000000.0,8848000000.0,7476000000.0,,9307000000.0,261644000000.0,16565000000.0
91154,CITIGROUP GLOBAL MARKETS INC. ,2018-03-05,2017,Total asset found & match,,,5146000000.0,,,,,,,,,,145000000.0,51554000000.0,,,,9051000000.0,13244000000.0,162683000000.0,15443000000.0,272544000000.0,15278000000.0
91154,CITIGROUP GLOBAL MARKETS INC. ,2019-03-05,2018,Total asset found & no match,,,5875000000.0,,,,,,,,,,145000000.0,61413000000.0,,,,11405000000.0,10676000000.0,173896000000.0,,298908000000.0,19621000000.0
91154,CITIGROUP GLOBAL MARKETS INC. ,2020-03-02,2019,Total asset found & match,,,6853000000.0,,,,,,,,,,145000000.0,62161000000.0,,,,13987000000.0,10418000000.0,171131000000.0,6260000000.0,289445000000.0,18490000000.0
920417,"SUSQUEHANNA SECURITIES, LLC ",2015-03-02,2014,Total asset found & match,,,12000.0,,,,,,,1613000.0,32236646000.0,417000.0,,9416000.0,49105000.0,,,155568000.0,,,,32452777000.0,
920417,"SUSQUEHANNA SECURITIES, LLC ",2016-02-29,2015,Total asset found & match,,,9000.0,,,,,,,1790000.0,29439952000.0,431000.0,,9771000.0,37579000.0,,,2320793000.0,,,,31810325000.0,
920417,"SUSQUEHANNA SECURITIES, LLC ",2017-03-01,2016,Total asset found & match,,,1000.0,,,,,,,1251000.0,28765227000.0,309000.0,,979609000.0,44837000.0,,,18207000.0,,,,29809441000.0,
920417,"SUSQUEHANNA SECURITIES, LLC ",2018-02-27,2017,Total asset found & match,,,1000.0,,,,,,,1256000.0,37734212000.0,204000.0,,394291000.0,32659000.0,,,7729000.0,,,,38170352000.0,
920417,"SUSQUEHANNA SECURITIES, LLC ",2019-02-28,2018,Total asset found & match,,,1000.0,,,,,,,1296000.0,36879865000.0,98000.0,,881005000.0,36309000.0,,,4709396000.0,,,,42507970000.0,
920417,"SUSQUEHANNA SECURITIES, LLC ",2020-02-28,2019,Total asset found & match,,,53000.0,,,,,,,1296000.0,43724998000.0,31000.0,,236388000.0,48047000.0,,,21868000.0,,,,44032681000.0,
920417,"SUSQUEHANNA SECURITIES, LLC ",2021-03-01,2020,Total asset found & match,,,53000.0,,,,,,,1086000.0,86737547000.0,11000.0,,809239000.0,89209000.0,,,610058000.0,,,,88247203000.0,
922792,INTERACTIVE BROKERS LLC ,2002-03-04,2001,Total asset found & match,6070841.0,,206945552.0,,,2795829.0,,,,,,,,81984883.0,,,,1552309.0,14572675.0,,,313922089.0,
922792,INTERACTIVE BROKERS LLC ,2003-03-03,2002,Total asset found & match,,,475989721.0,,,,,,30486802.0,,,,,7207862.0,15230851.0,,,8489860.0,29028316.0,42046898.0,55812316.0,664292626.0,
922792,INTERACTIVE BROKERS LLC ,2004-03-01,2003,Total asset found & match,,,771316099.0,,,,,,78077214.0,,,,,8513889.0,1257241.0,,,8917127.0,133501372.0,179525000.0,66860887.0,1247968829.0,
922792,INTERACTIVE BROKERS LLC ,2005-03-01,2004,Total asset found & match,,,1175938886.0,,,,,,73436263.0,,,,,12789812.0,,,,22010604.0,320682398.0,76600000.0,82817113.0,1764275076.0,
922792,INTERACTIVE BROKERS LLC ,2006-03-01,2005,Total asset found & match,,,1886841246.0,,,,,,,,,,,158547596.0,58756228.0,,,42771672.0,436165947.0,4000000.0,172726429.0,2759809118.0,
922792,INTERACTIVE BROKERS LLC ,2007-03-01,2006,Total asset found & match,,,73777761.0,3110667181.0,,107939137.0,,,226475753.0,,,,,77358266.0,,,,54145649.0,848447724.0,37285766.0,,4536097237.0,
922792,INTERACTIVE BROKERS LLC ,2008-02-29,2007,Total asset found & match,1916081132.0,,71291747.0,5224373363.0,,99192315.0,,,1026541909.0,,,,,109887696.0,,,,228660790.0,,,,8676028952.0,
922792,INTERACTIVE BROKERS LLC ,2009-03-02,2008,Total asset found & match,1621162403.0,,56102895.0,4990989191.0,,3161047.0,,,658921863.0,,,,,97658774.0,,,,163334800.0,,405169360.0,,7996500333.0,
922792,INTERACTIVE BROKERS LLC ,2010-03-02,2009,Total asset found & match,3239610017.0,,67368913.0,6328698670.0,,1807920.0,,,,,,,,1486816597.0,,,,634109986.0,,311262844.0,,12069674947.0,
922792,INTERACTIVE BROKERS LLC ,2012-02-29,2011,Total asset found & match,7011918753.0,,778892764.0,9932079550.0,,2099836.0,,,,,,,,1133361147.0,,,,1128987502.0,,375366000.0,,20362705552.0,
922792,INTERACTIVE BROKERS LLC ,2014-03-04,2013,Total asset found & no match,13535611000.0,,793173000.0,12547996000.0,,2500000.0,,,,,,,,1878079000.0,,,,327076000.0,,386301000.0,,58900722000.0,
922792,INTERACTIVE BROKERS LLC ,2015-03-02,2014,Total asset found & match,16858626000.0,,803769000.0,13936606000.0,,2000000.0,,,,,,,,3602982000.0,,,,599447000.0,,386194000.0,,36189624000.0,
922792,INTERACTIVE BROKERS LLC ,2016-02-29,2015,Total asset found & match,16289000000.0,,1119000000.0,18555000000.0,,459000000.0,,,,,,,,3325000000.0,,,,246000000.0,,195000000.0,,40188000000.0,
922792,INTERACTIVE BROKERS LLC ,2017-03-01,2016,Total asset found & match,18088000000.0,,1444000000.0,20232000000.0,,,,,,,822000000.0,,,3198000000.0,,,,290000000.0,,111000000.0,,44185000000.0,
922792,INTERACTIVE BROKERS LLC ,2018-03-01,2017,Total asset found & match,28281000000.0,,1160000000.0,15283000000.0,,,,,,,1041000000.0,,,3277000000.0,,,,536000000.0,,2035000000.0,,51613000000.0,
922792,INTERACTIVE BROKERS LLC ,2019-02-28,2018,Total asset found & match,25611000000.0,,1783000000.0,17268000000.0,,,,,,,1418000000.0,,,2971000000.0,,,,559000000.0,,1242000000.0,,50852000000.0,
922792,INTERACTIVE BROKERS LLC ,2019-03-01,2018,Total asset found & match,25611000000.0,,1783000000.0,17268000000.0,,,,,,,1418000000.0,,,2971000000.0,,,,559000000.0,,1242000000.0,,50852000000.0,
922792,INTERACTIVE BROKERS LLC ,2020-02-28,2019,Total asset found & match,29850000000.0,,1710000000.0,20037000000.0,,,,,,,1315000000.0,,,3787000000.0,,,,585000000.0,,3111000000.0,,60395000000.0,
922792,INTERACTIVE BROKERS LLC ,2021-02-26,2020,Total asset found & match,37223000000.0,,2638000000.0,31151000000.0,,,,,,,10000000.0,,,4546000000.0,,,,1044000000.0,,792000000.0,,77404000000.0,
